"Key","Name_EN","Name_TH","Desc_EN","Desc_TH","Lore_EN","Lore_TH"
"Se_Star_D_AbilityPower","Night Time","ยามค่ำคืน","Increases Ability Power by 2.","เพิ่มพลังความสามารถ 2",,""
"Se_Star_D_AttackDamage","Aggressive Stance","ท่าทีก้าวร้าว","Increases Attack Damage by 2.","เพิ่มความเสียหายโจมตี 2",,""
"Se_Star_D_AttackSpeed","Hurricane","พายุเฮอริเคน","Increases Attack Speed by 6%.","เพิ่มความเร็วโจมตี 6%",,""
"Se_Star_D_BossDamageAmp","Valiant Challenger","ผู้ท้าทายกล้าหาญ","Increases all damage dealt to Bosses by 10%.","เพิ่มความเสียหายทั้งหมดต่อบอส 10%",,""
"Se_Star_D_CritChance","Lucky Clover","ใบโคลเวอร์โชคดี","Increases Critical Strike Chance by 5%.","เพิ่มโอกาสคริติคอล 5%",,""
"Se_Star_D_CritDamage","Powerful Blow","การโจมตีทรงพลัง","Increases Critical Strike Damage by 15%.","เพิ่มความเสียหายคริติคอล 15%",,""
"Se_Star_D_DamageBonusOnAllElemental","Elementalist","นักธาตุวิทยา","All damage you deal to enemies affected by all 4 elements is increased by 18%.","ความเสียหายทั้งหมดต่อศัตรูที่ได้รับผลกระทบจากธาตุทั้ง 4 เพิ่มขึ้น 18%",,""
"Se_Star_D_DarkAmp","Corrupted Mind","จิตใจเสื่อมทราม","Your Dark damage against enemies exposed to Dark is increased by an additional 1.5% per stack.","ความเสียหายมืดต่อศัตรูที่โดนมืดเพิ่มขึ้นเพิ่มเติม 1.5% ต่อสแต็ก",,""
"Se_Star_D_FireAmp","Crimson Flame","เปลวไฟสีเลือดหมู","Increase Burn damage by 30%.","เพิ่มความเสียหายไหม้ 30%",,""
"Se_Star_D_LightAmp","Daylight","แสงกลางวัน","Your Light damage against enemies exposed to Light is increased by an additional 1.5% per stack.","ความเสียหายแสงต่อศัตรูที่โดนแสงเพิ่มขึ้นเพิ่มเติม 1.5% ต่อสแต็ก",,""
"Se_Star_D_LowerASHigherAD","Strength Enhancement","เสริมพลังกำลัง","Reduces Attack Speed by 20%. Increases Attack Damage by 8.","ลดความเร็วโจมตี 20% เพิ่มความเสียหายโจมตี 8",,""
"Se_Star_D_ScalingAbilityPower","Mature Mind","จิตใจเติบโต","Gain 2 Ability Power each time you reach levels 5, 10, 15, and 20.","ได้รับพลังความสามารถ 2 ทุกครั้งที่ถึงเลเวล 5, 10, 15 และ 20",,""
"Se_Star_D_ScalingAttackDamage","Destructive Nature","ธรรมชาติทำลายล้าง","Gain 2 Attack Damage each time you reach levels 5, 10, 15, and 20.","ได้รับความเสียหายโจมตี 2 ทุกครั้งที่ถึงเลเวล 5, 10, 15 และ 20",,""
"Se_Star_D_ScalingAttackSpeedWithPenalty","Gathering Storm","พายุกำลังมา","Attack Speed is reduced by 10%. Attack Speed increases by 1% each time you level up.","ความเร็วโจมตีลดลง 10% ความเร็วโจมตีเพิ่มขึ้น 1% ทุกครั้งที่เลเวลอัพ",,""
"Se_Star_D_TempAbilityPower","Awakened Magic","เวทมนตร์ตื่นรู้","Increases Ability Power by 14 while completing the first 3 worlds.","เพิ่มพลังความสามารถ 14 ขณะผ่าน 3 โลกแรก",,""
"Se_Star_D_TempAttackDamage","Burning Bloodlust","กระหายเลือดลุกโชน","Increases Attack Damage by 14 until you complete the first 3 world.","เพิ่มความเสียหายโจมตี 14 จนกว่าจะผ่าน 3 โลกแรก",,""
"Se_Star_D_UltimateChargeSpeed","Ultimate Malice","ความพยาบาทสูงสุด","Increases Ultimate charge speed by 20%.","เพิ่มความเร็วชาร์จอัลติเมท 20%",,""
"Se_Star_I_DismantleReroll","Trading Fates","แลกเปลี่ยนโชคชะตา","The first time you Dismantle an Essence or Memory, it is replaced with a random item of the same rarity instead of being dismantled. Can trigger up to 1 times per world.","ครั้งแรกที่คุณรื้อถอนแก่นหรือความทรงจำ จะถูกแทนที่ด้วยไอเทมสุ่มความหายากเดียวกันแทนการรื้อถอน ทริกเกอร์ได้สูงสุด 1 ครั้งต่อโลก",,""
"Se_Star_I_AdditionalChaosChance","Primordial Chaos","ความโกลาหลดั้งเดิม","When Chaos is obtained as a reward, there is a 12% chance to gain one additional Chaos.","เมื่อได้รับความโกลาหลเป็นรางวัล มีโอกาส 12% ที่จะได้รับความโกลาหลเพิ่มเติม 1",,""
"Se_Star_I_DismantleBonus","Efficient Extraction","การสกัดอย่างมีประสิทธิภาพ","Increases the amount of Dream Dust gained from dismantling Memories or Essences by 7%.","เพิ่มจำนวนฝุ่นความฝันที่ได้จากการรื้อถอนความทรงจำหรือแก่น 7%",,""
"Se_Star_I_DreamDustOnKillChance","Dismantle and Analyze","รื้อถอนและวิเคราะห์","Defeating an enemy has a 12% chance to grant 2 Dream Dust.","การเอาชนะศัตรูมีโอกาส 12% ที่จะได้รับฝุ่นความฝัน 2",,""
"Se_Star_I_FirstGemUpgrade","Beginner's Luck","โชคมือใหม่","Increases the quality of the first Essence you equip by 40%.","เพิ่มคุณภาพของแก่นชิ้นแรกที่คุณติดตั้ง 40%",,""
"Se_Star_I_GemOnMiniBossKill","Bizarre Spoils","ของรางวัลประหลาด","Defeating a Mini Boss has a 40% chance to grant a random Essence.","การเอาชนะมินิบอสมีโอกาส 40% ที่จะได้รับแก่นสุ่ม",,""
"Se_Star_I_GoldPerCrit","Pickpocket","ล้วงกระเป๋า","Gain 0.7 Gold the first time a Critical Attack hits each enemy.","ได้รับ 0.7 ทองครั้งแรกที่การโจมตีคริติคอลโดนศัตรูแต่ละตัว",,""
"Se_Star_I_KillGoldBonus","Wealth Accumulation","สะสมความมั่งคั่ง","Increases the amount of Gold gained from defeating enemies by 4%.","เพิ่มจำนวนทองที่ได้จากการเอาชนะศัตรู 4%",,""
"Se_Star_I_MawDiscountAndProtection","Sparkling Clean Maw","ปากอ้าสะอาดเป็นประกาย","Reduces the cost of the Maw of Doom by 20%. The Maw no longer destroys items it consumes, instead resetting their level or quality.","ลดค่าใช้จ่ายของปากอ้าแห่งหายนะ 20% ปากอ้าจะไม่ทำลายไอเทมที่กิน แต่จะรีเซ็ตเลเวลหรือคุณภาพแทน",,""
"Se_Star_I_MoreShopItems","Monstrous Charm","เสน่ห์ประหลาด","There is a 50% chance for Jonas to offer 2 additional items for sale.","มีโอกาส 50% ที่โจนาสจะเสนอไอเทมเพิ่มเติม 2 ชิ้น",,""
"Se_Star_I_ShopDiscount","Sharp Negotiator","นักเจรจาฉลาด","The Gold price of items sold by Merchants is reduced by 10%.","ราคาทองของไอเทมที่ขายโดยพ่อค้าลดลง 10%",,""
"Se_Star_I_ShopRefreshToken","Black Market","ตลาดมืด","Gain 1 Platinum Coins at the start of an adventure and whenever you move to a new world, up to a maximum of 3. Use these coins to refresh the Merchant's inventory.","ได้รับเหรียญแพลทินัม 1 เหรียญเมื่อเริ่มการผจญภัยและทุกครั้งที่ไปโลกใหม่ สูงสุด 3 เหรียญ ใช้เหรียญเหล่านี้รีเฟรชสินค้าของพ่อค้า",,""
"Se_Star_I_StartGold","Initial Capital","ทุนเริ่มต้น","Gain 50 Gold at the start of your adventure.","ได้รับ 50 ทองเมื่อเริ่มการผจญภัย",,""
"Se_Star_I_StartSkill","Intersecting Memories","ความทรงจำตัดกัน","Acquire a random level 1 Memory at the start of your adventure.","ได้รับความทรงจำเลเวล 1 สุ่มเมื่อเริ่มการผจญภัย",,""
"Se_Star_L_Armor","Stone Skin","ผิวหนังหิน","Increases Armor by 5.","เพิ่มเกราะ 5",,""
"Se_Star_L_ArmorOnTravel","Ragged Armor","เกราะขาดรุ่งริ่ง","Gain 2.5 Armor every time you enter a new world.","ได้รับเกราะ 2.5 ทุกครั้งที่เข้าโลกใหม่",,""
"Se_Star_L_DamageReductionFromChilled","Cold Affinity","ความสัมพันธ์กับความเย็น","Damage taken from enemies afflicted with Chill is reduced by 25%.","ความเสียหายที่ได้รับจากศัตรูที่ได้รับผลกระทบจากความเย็นลดลง 25%",,""
"Se_Star_L_DodgeCooldown","Threat Detection","ตรวจจับภัยคุกคาม","Reduces Dodge's cooldown by 10%.","ลดคูลดาวน์การหลบ 10%",,""
"Se_Star_L_DodgeCooldownOnLowHealth","Instinctive Movement","การเคลื่อนไหวตามสัญชาตญาณ","When Health is below 50%, Dodge cooldown is reduced by 20%.","เมื่อพลังชีวิตต่ำกว่า 50% คูลดาวน์การหลบลดลง 20%",,""
"Se_Star_L_ElementalResistance","Elemental Resistance","ต้านทานธาตุ","Reduces the duration of elemental effects on you by 40%. For Burn, damage is reduced instead.","ลดระยะเวลาของเอฟเฟกต์ธาตุบนคุณ 40% สำหรับไหม้ ความเสียหายจะลดลงแทน",,""
"Se_Star_L_FatalHitProtection","Second Wind","ลมหายใจที่สอง","When you take Fatal damage, you ignore that damage and become Invulnerable for 1 seconds. This can only occur once per game.","เมื่อคุณได้รับความเสียหายถึงตาย คุณจะเพิกเฉยความเสียหายนั้นและกลายเป็นอมตะ 1 วินาที เกิดได้เพียงครั้งเดียวต่อเกม",,""
"Se_Star_L_GuidanceShrineDiscount","Unconditional Love","ความรักไร้เงื่อนไข","Reduces the cost of Shrine of Guidance by 25%.","ลดค่าใช้จ่ายของศาลเจ้าแห่งการนำทาง 25%",,""
"Se_Star_L_HealOnAttack","Wicked Vitality","พลังชีวิตชั่วร้าย","Basic Attacks restore 0.40% of your Max Health on hit. This healing is increased by 150% on a Critical Strike.","การโจมตีพื้นฐานฟื้นฟูพลังชีวิตสูงสุด 0.40% เมื่อโดน การฟื้นฟูนี้เพิ่มขึ้น 150% เมื่อคริติคอล",,""
"Se_Star_L_HealOnKill","Combat First Aid","การปฐมพยาบาลในการต่อสู้","Restore 1.00% of your Max Health whenever you kill an enemy.","ฟื้นฟูพลังชีวิตสูงสุด 1.00% ทุกครั้งที่คุณฆ่าศัตรู",,""
"Se_Star_L_MaxHealth","Empowered Persistence","ความอดทนเสริมพลัง","Increases Maximum Health by 60.","เพิ่มพลังชีวิตสูงสุด 60",,""
"Se_Star_L_PotionChance","Asclepius","แอสคลีเพียส","Increases the chance for a Health Potion to appear by 25%.","เพิ่มโอกาสที่ยาฟื้นฟูจะปรากฏ 25%",,""
"Se_Star_L_PotionHealAmount","Suspicious Mixture","ส่วนผสมน่าสงสัย","Increases the healing amount of Health Potions by 55%.","เพิ่มจำนวนการฟื้นฟูของยาฟื้นฟู 55%",,""
"Se_Star_L_PotionOnBuyOrSell","Humble Freebie","ของแถมถ่อมตัว","Gain a Health Potion when you buy or sell an item at the shop. This can trigger up to 1 times per merchant.","ได้รับยาฟื้นฟูเมื่อคุณซื้อหรือขายไอเทมที่ร้านค้า ทริกเกอร์ได้สูงสุด 1 ครั้งต่อพ่อค้า",,""
"Se_Star_L_ReceivedHealingAndShieldBonus","Regenerative Skin","ผิวหนังฟื้นฟู","Increases received Healing and Barrier amounts by 12%.","เพิ่มจำนวนการฟื้นฟูและเกราะป้องกันที่ได้รับ 12%",,""
"Se_Star_L_ScalingMaxHealth","Steel Refinement","การหลอมเหล็ก","Increases Maximum Health by 15 each time you level up.","เพิ่มพลังชีวิตสูงสุด 15 ทุกครั้งที่เลเวลอัพ",,""
"Se_Star_Aurena_D_AbilityPower","Drawing a Conclusion","สรุปผล","Increases Ability Power by 3.","เพิ่มพลังความสามารถ 3",,""
"Se_Star_Aurena_D_AtkSpd","Hypothesis Formation","การตั้งสมมติฐาน","Increases Attack Speed by 5%.","เพิ่มความเร็วโจมตี 5%",,""
"Se_Star_Aurena_D_AttackDamage","Experiment and Validation","การทดลองและตรวจสอบ","Increases Attack Damage by 3.","เพิ่มความเสียหายโจมตี 3","Experiments and validation must always be thorough. The pain or lives of test subjects are merely secondary considerations to her.","การทดลองและการตรวจสอบต้องละเอียดถี่ถ้วนเสมอ ความเจ็บปวดหรือชีวิตของตัวอย่างทดลองเป็นเพียงข้อพิจารณารองสำหรับเธอ"
"Se_Star_Aurena_D_BonusStatOnLowHp","Resonance Effect","เอฟเฟกต์สะท้อน","When your Health is below 50%, your Attack Damage and Ability Power increase by 8%.","เมื่อพลังชีวิตต่ำกว่า 50% ความเสียหายโจมตีและพลังความสามารถเพิ่มขึ้น 8%",,""
"Se_Star_Aurena_F_CR_EarnGold","Master Alchemist","นักเล่นแร่แปรธาตุปรมาจารย์","Chain Reaction earns 2 Gold per second for each enemy inside the sigil.","ปฏิกิริยาลูกโซ่ได้รับ 2 ทองต่อวินาทีต่อศัตรูแต่ละตัวในสัญลักษณ์",,""
"Se_Star_Aurena_F_CR_GlobalHeal","Golden Mind","จิตใจทองคำ","Chain Reaction applies 70% healing to Travelers even if they are not inside the sigil.","ปฏิกิริยาลูกโซ่ใช้การฟื้นฟู 70% กับนักเดินทางแม้ว่าพวกเขาจะไม่อยู่ในสัญลักษณ์",,""
"Se_Star_Aurena_F_CR_NoHealCooldownReduction","Golden Wind","ลมทองคำ","Chain Reaction no longer heals, but its cooldown is reduced by 15% each time an enemy dies from the sigil.","ปฏิกิริยาลูกโซ่ไม่ฟื้นฟูอีกต่อไป แต่คูลดาวน์ลดลง 15% ทุกครั้งที่ศัตรูตายจากสัญลักษณ์",,""
"Se_Star_Aurena_F_DT_LowerThresholdBiggerHeals","Extremely Dangerous Theory","ทฤษฎีอันตรายสุดขีด","The Health threshold for empowered casts of Dangerous Theory is reduced to 40%, but healing is increased by 40%.","เกณฑ์พลังชีวิตสำหรับการใช้แบบเสริมพลังของทฤษฎีอันตรายลดลงเหลือ 40% แต่การฟื้นฟูเพิ่มขึ้น 40%","The ethics committee of the Lunar Society that reviewed her thesis unanimously reached two conclusions. First, she should be immediately expelled. Second, all committee members who participated in this review shall be granted one week of paid leave.","คณะกรรมการจริยธรรมของสมาคมจันทรคติที่ตรวจสอบวิทยานิพนธ์ของเธอได้ข้อสรุปเป็นเอกฉันท์สองข้อ หนึ่ง เธอควรถูกไล่ออกทันที สอง สมาชิกคณะกรรมการทุกคนที่เข้าร่วมการตรวจสอบนี้จะได้รับวันหยุดพักร้อนแบบจ่ายเงินหนึ่งสัปดาห์"
"Se_Star_Aurena_F_DT_TwiceWithPenalty","Follow-up Research","การวิจัยติดตาม","Dangerous Theory's cooldown increases by 1 seconds and it can only be used as an empowered cast, but it empowers 2 basic attacks.","คูลดาวน์ของทฤษฎีอันตรายเพิ่มขึ้น 1 วินาทีและใช้ได้เฉพาะแบบเสริมพลัง แต่เสริมพลังการโจมตีพื้นฐาน 2 ครั้ง",,""
"Se_Star_Aurena_F_DT_UnstoppableAndRemoveDelusion","Unparalleled Genius","อัจฉริยะไร้เทียมทาน","When you cast Dangerous Theory, become Unstoppable for 1.5 seconds and remove Delusional effects.","เมื่อคุณใช้ทฤษฎีอันตราย กลายเป็นหยุดไม่ได้เป็นเวลา 1.5 วินาทีและลบเอฟเฟกต์หลงผิด","She now understands delusions completely, from their basic principles to how they work.","ตอนนี้เธอเข้าใจความหลงผิดอย่างสมบูรณ์ ตั้งแต่หลักการพื้นฐานจนถึงวิธีการทำงาน"
"Se_Star_Aurena_F_GB_LessDamageLessSacrifice","Loose Dismantle","รื้อถอนหลวม","Golden Explosion's damage is reduced by 40%, but the Health sacrificed is also reduced by 30%.","ความเสียหายของการระเบิดทองคำลดลง 40% แต่พลังชีวิตที่เสียสละก็ลดลง 30%",,""
"Se_Star_Aurena_F_GB_NoSacrificeAfterDodge","Dismantle, Dissolve, Understanding","รื้อถอน ละลาย เข้าใจ","If you cast Golden Explosion within 3 seconds after using Dodge, no Health is sacrificed. This only applies in combat.","หากคุณใช้การระเบิดทองคำภายใน 3 วินาทีหลังใช้การหลบ ไม่มีพลังชีวิตถูกเสียสละ ใช้ได้เฉพาะในการต่อสู้",,""
"Se_Star_Aurena_F_GB_NoWitherNoSacrifice","Strong Bond","สายสัมพันธ์แข็งแกร่ง","If you cast Golden Explosion with no Wither stacks, no Health is sacrificed. This only applies in combat.","หากคุณใช้การระเบิดทองคำโดยไม่มีสแต็กเหี่ยวเฉา ไม่มีพลังชีวิตถูกเสียสละ ใช้ได้เฉพาะในการต่อสู้",,""
"Se_Star_Aurena_F_RE_AtkEffect","Sharp Shards","เศษคม","Each Gold Shard from Reduction triggers attack effects on the first enemy hit.","เศษทองแต่ละชิ้นจากการลดทอนทริกเกอร์เอฟเฟกต์การโจมตีบนศัตรูตัวแรกที่โดน",,""
"Se_Star_Aurena_F_RE_CooldownButNoHeal","Transmutation","การแปรธาตุ","Reduction no longer restores Health, but its cooldown is reduced by 70%.","การลดทอนไม่ฟื้นฟูพลังชีวิตอีกต่อไป แต่คูลดาวน์ลดลง 70%",,""
"Se_Star_Aurena_F_RE_MoreProjMoreSacrifice","Enhanced Dismantling Force","พลังรื้อถอนเสริม","Reduction fires 1 more Gold Shards, but the amount of Health sacrificed increases to 15%.","การลดทอนยิงเศษทอง 1 ชิ้นเพิ่มเติม แต่จำนวนพลังชีวิตที่เสียสละเพิ่มขึ้นเป็น 15%",,""
"Se_Star_Aurena_I_BonusFromStones","Component Analysis","การวิเคราะห์ส่วนประกอบ","Increases the resources gained from Gold Shards and Dream Dust Shards by 40%.","เพิ่มทรัพยากรที่ได้จากเศษทองและเศษฝุ่นความฝัน 40%",,""
"Se_Star_Aurena_I_GoldEveryZone","Glittering Golden Antlers","เขากวางทองแวววาว","Gain 60 Gold every time you enter a new world.","ได้รับ 60 ทองทุกครั้งที่เข้าโลกใหม่","With sandpaper, cloth, and time, you can always acquire a bit of Gold.","ด้วยกระดาษทราย ผ้า และเวลา คุณสามารถได้ทองเล็กน้อยเสมอ"
"Se_Star_Aurena_I_GoldOnMerchantDamage","Fun Experiment","การทดลองสนุก","Gain 4 Gold each time you damage a Merchant, up to a maximum of 40 Gold.","ได้รับ 4 ทองทุกครั้งที่คุณทำร้ายพ่อค้า สูงสุด 40 ทอง","Aurena herself doesn't seem to see anything wrong with this.","ตัวออเรนาเองดูเหมือนจะไม่เห็นว่ามีอะไรผิดกับเรื่องนี้"
"Se_Star_Aurena_I_PotionGold","Equivalent Exchange","การแลกเปลี่ยนเท่าเทียม","Gain 10 Gold each time you acquire a Health Potion.","ได้รับ 10 ทองทุกครั้งที่ได้รับยาฟื้นฟู",,""
"Se_Star_Aurena_I_RevealWorld","Anguillian Hypersense","ประสาทสัมผัสยิ่งยวดของชาวแองกวิลเลีย","When entering a world, reveal 3 random locations.","เมื่อเข้าโลก เปิดเผยตำแหน่งสุ่ม 3 แห่ง",,""
"Se_Star_Aurena_L_Armor","Beautiful Plumage","ขนนกสวยงาม","Increases Armor by 3.","เพิ่มเกราะ 3",,""
"Se_Star_Aurena_L_ArmorOnLowHp","Feather Oil","น้ำมันขนนก","Increases Armor by 30 when your Health is below 40%.","เพิ่มเกราะ 30 เมื่อพลังชีวิตต่ำกว่า 40%",,""
"Se_Star_Aurena_L_HealAmpOnLowHp","Autophagy","การกินตัวเอง","Increases healing given and received by 15% when your Health is below 50%.","เพิ่มการฟื้นฟูที่ให้และได้รับ 15% เมื่อพลังชีวิตต่ำกว่า 50%",,""
"Se_Star_Aurena_L_HealAmpWithPenalty","Experimental Hypothesis","สมมติฐานการทดลอง","Increases damage taken from enemies by 20%, but increases healing given and received by 15%.","เพิ่มความเสียหายที่ได้รับจากศัตรู 20% แต่เพิ่มการฟื้นฟูที่ให้และได้รับ 15%",,""
"Se_Star_Aurena_L_ShareHeal","Circulating Life","ชีวิตหมุนเวียน","When you recover Health, heal a nearby ally other than yourself with the lowest Health for 20% of the amount healed.","เมื่อคุณฟื้นฟูพลังชีวิต ฟื้นฟูพันธมิตรใกล้เคียงนอกจากตัวเองที่มีพลังชีวิตต่ำสุด 20% ของจำนวนที่ฟื้นฟู",,""
"Se_Star_Aurena_L_SpeedOnDamage","Eel-like Agility","ความคล่องตัวเหมือนปลาไหล","When you take damage, your Movement Speed increases by 10% for 2 seconds.","เมื่อคุณได้รับความเสียหาย ความเร็วเคลื่อนที่เพิ่มขึ้น 10% เป็นเวลา 2 วินาที","Her graceful and elegant movements, uncharacteristic of a scholar, are one of the physical traits of Anguillians.","การเคลื่อนไหวที่สง่างามและหรูหราของเธอซึ่งไม่เหมือนนักวิชาการ เป็นหนึ่งในลักษณะทางกายภาพของชาวแองกวิลเลีย"
"Se_Star_Bismuth_D_AtkSpd","Speed Reading","อ่านเร็ว","Increases Attack Speed by 9%.","เพิ่มความเร็วโจมตี 9%",,""
"Se_Star_Bismuth_D_AtkSpdFromDismantle","Enlightenment","การตรัสรู้","Each time you dismantle a Memory or Essence, your Attack Speed increases permanently by 3%, but Dream Dust gained is reduced by 35%. Attack Speed increase varies by rarity: 70%, 100%, 150%, 300%.","ทุกครั้งที่คุณรื้อถอนความทรงจำหรือแก่น ความเร็วโจมตีเพิ่มขึ้นถาวร 3% แต่ฝุ่นความฝันที่ได้รับลดลง 35% การเพิ่มความเร็วโจมตีแตกต่างตามความหายาก: 70%, 100%, 150%, 300%",,""
"Se_Star_Bismuth_D_BonusAttackEffect","Arrow of the Mind","ลูกศรแห่งจิตใจ","Your Maximum Health is reduced by 15%, but in return, your basic attacks have a 25% chance to fire an additional arrow that triggers an attack effect.","พลังชีวิตสูงสุดลดลง 15% แต่การโจมตีพื้นฐานมีโอกาส 25% ที่จะยิงลูกศรเพิ่มเติมที่ทริกเกอร์เอฟเฟกต์การโจมตี",,""
"Se_Star_Bismuth_D_Conquerer","Mental Attunement","การปรับจิตใจ","Gain 1 stack of Attunement with each basic attack, up to 8 stacks. Each stack increases your Attack Damage and Ability Power by 0.5. All stacks are lost when you take damage from enemies.","ได้รับสแต็กการปรับ 1 ต่อการโจมตีพื้นฐาน สูงสุด 8 สแต็ก แต่ละสแต็กเพิ่มความเสียหายโจมตีและพลังความสามารถ 0.5 สแต็กทั้งหมดหายเมื่อได้รับความเสียหายจากศัตรู",,""
"Se_Star_Bismuth_D_SkillHasteAndAutoCast","Self-Writing Story","เรื่องราวเขียนเอง","Increases Memory Haste by 8 and most Memories will be automatically cast during combat.","เพิ่มความเร็วความทรงจำ 8 และความทรงจำส่วนใหญ่จะถูกใช้อัตโนมัติในการต่อสู้","Sometimes, the story gets so exciting that it turns to the next page all by itself. The girl simply needs to sit back and watch the wonderful tales the book writes unfold.","บางครั้งเรื่องราวน่าตื่นเต้นมากจนพลิกหน้าเองได้ เด็กหญิงแค่ต้องนั่งพักและดูนิทานมหัศจรรย์ที่หนังสือเขียนขึ้นเปิดเผย"
"Se_Star_Bismuth_F_DM_BonusOnFullCharge","Overcharge","โอเวอร์ชาร์จ","Increases Distorted Mind's cooldown by 1 seconds, but firing at maximum charge increases the number of arrows by 2.","เพิ่มคูลดาวน์ของจิตใจบิดเบี้ยว 1 วินาที แต่การยิงที่ชาร์จเต็มเพิ่มจำนวนลูกศร 2",,""
"Se_Star_Bismuth_F_DM_MoreShootNoMove","Artillery","ปืนใหญ่","Increases the maximum number of arrows for Distorted Mind by 7, but you cannot move while charging.","เพิ่มจำนวนลูกศรสูงสุดของจิตใจบิดเบี้ยว 7 แต่คุณไม่สามารถเคลื่อนที่ขณะชาร์จ",,""
"Se_Star_Bismuth_F_DM_NonFullChargeCooldown","Improvisation","การด้นสด","When you release Distorted Mind without fully charging, its cooldown is reduced by 50%.","เมื่อคุณปล่อยจิตใจบิดเบี้ยวโดยไม่ชาร์จเต็ม คูลดาวน์ลดลง 50%",,""
"Se_Star_Bismuth_F_IN_Elementals","Diverse Topics","หัวข้อหลากหลาย","Each soul missile from Pure Soul gains a random elemental effect.","ขีปนาวุธวิญญาณแต่ละดอกจากวิญญาณบริสุทธิ์ได้รับเอฟเฟกต์ธาตุสุ่ม",,""
"Se_Star_Bismuth_F_IN_LessCooldownLessMissiles","Undervolting","ลดแรงดัน","Pure Soul's soul missile count is reduced by 2, but its cooldown is reduced by 50%.","จำนวนขีปนาวุธวิญญาณของวิญญาณบริสุทธิ์ลดลง 2 แต่คูลดาวน์ลดลง 50%",,""
"Se_Star_Bismuth_F_IN_MoreProjByAtkSpd","Say Hello to My Little Friends!","ทักทายเพื่อนตัวเล็กของฉันสิ!","Pure Soul's cooldown increases by 1 seconds, but the number of soul missiles also increases by your attacks per second.","คูลดาวน์ของวิญญาณบริสุทธิ์เพิ่มขึ้น 1 วินาที แต่จำนวนขีปนาวุธวิญญาณเพิ่มขึ้นตามการโจมตีต่อวินาทีของคุณ","The girl decided to divide her shining heart into even more pieces to give as gifts. Then everyone regained their kind hearts and quietly fell asleep!","เด็กหญิงตัดสินใจแบ่งหัวใจเปล่งประกายของเธอออกเป็นชิ้นเล็กๆ มากขึ้นเพื่อมอบเป็นของขวัญ จากนั้นทุกคนก็ได้หัวใจที่ใจดีกลับคืนมาและหลับไปอย่างเงียบๆ!"
"Se_Star_Bismuth_F_IT_AddedDurationOnHit","Extended Agony","ความทรมานยืดเยื้อ","Tales of Hellfire's cooldown increases by 1 seconds, but each time it hits an enemy, its duration increases by 0.2 seconds, up to a maximum of 2 seconds.","คูลดาวน์ของนิทานไฟนรกเพิ่มขึ้น 1 วินาที แต่ทุกครั้งที่โจมตีศัตรู ระยะเวลาเพิ่มขึ้น 0.2 วินาที สูงสุด 2 วินาที",,""
"Se_Star_Bismuth_F_IT_InnerDamage","Furnace","เตาหลอม","Tales of Hellfire's damage is reduced by 40% but now also hits enemies inside the ring.","ความเสียหายของนิทานไฟนรกลดลง 40% แต่ตอนนี้โจมตีศัตรูภายในวงแหวนด้วย",,""
"Se_Star_Bismuth_F_IT_SmallerRingMoreDamage","Close and Personal","ใกล้และส่วนตัว","Tales of Hellfire's ring radius is reduced by 35% but its damage is increased by 35%.","รัศมีวงแหวนของนิทานไฟนรกลดลง 35% แต่ความเสียหายเพิ่มขึ้น 35%",,""
"Se_Star_Bismuth_F_VH_FullCharge","No Longer Afraid","ไม่กลัวอีกต่อไป","Valiant Heart's charges now fully restore all at once.","ชาร์จของหัวใจกล้าหาญตอนนี้ฟื้นฟูเต็มทั้งหมดพร้อมกัน","Now, no matter how many villains appear, it's okay. The girl's hands will always be filled with the courage to defeat them!","ตอนนี้ไม่ว่าจะมีวายร้ายกี่คนปรากฏตัว ก็ไม่เป็นไร มือของเด็กหญิงจะเต็มไปด้วยความกล้าที่จะเอาชนะพวกเขาเสมอ!"
"Se_Star_Bismuth_F_VH_ResetOnDodge","Quick Decision","การตัดสินใจรวดเร็ว","Using Distorting Sprint resets the cooldown of Valiant Heart, but it only hits up to 2 enemies.","การใช้วิ่งบิดเบี้ยวรีเซ็ตคูลดาวน์ของหัวใจกล้าหาญ แต่โจมตีได้สูงสุด 2 ศัตรู",,""
"Se_Star_Bismuth_F_VH_Shield","Steadfast Heart","หัวใจมั่นคง","Valiant Heart's cooldown is increased by 1 seconds, but you gain a Barrier equal to 40% of the damage dealt that lasts for 2.5 seconds.","คูลดาวน์ของหัวใจกล้าหาญเพิ่มขึ้น 1 วินาที แต่คุณได้รับเกราะป้องกันเท่ากับ 40% ของความเสียหายที่สร้างที่คงอยู่ 2.5 วินาที",,""
"Se_Star_Bismuth_I_DismantleMemoryDreamDust","Good Material","วัสดุดี","Increase the amount of Dream Dust obtained when dismantling Memories by 20%.","เพิ่มจำนวนฝุ่นความฝันที่ได้เมื่อรื้อถอนความทรงจำ 20%",,""
"Se_Star_Bismuth_I_KnowledgeBook","Book of Knowledge","หนังสือแห่งความรู้","Gain 1-4 Books of Knowledge for every boss you defeat. Each book grants a random stat equivalent to a Common-grade Chaos 15%.","ได้รับหนังสือแห่งความรู้ 1-4 เล่มทุกครั้งที่เอาชนะบอส แต่ละเล่มให้สถานะสุ่มเทียบเท่าความโกลาหลระดับธรรมดา 15%",,""
"Se_Star_Bismuth_I_RevealWorld","Mind's Eye","ตาจิต","When entering a world, reveal 2 random locations.","เมื่อเข้าโลก เปิดเผยตำแหน่งสุ่ม 2 แห่ง","When the girl looked at the world through her book, gingerbread houses waiting with the next adventure would appear in places that had been empty before.","เมื่อเด็กหญิงมองโลกผ่านหนังสือของเธอ บ้านขนมปังขิงที่รอการผจญภัยครั้งถัดไปจะปรากฏในสถานที่ที่เคยว่างเปล่า"
"Se_Star_Bismuth_I_SecretJournal","Secret Diary","ไดอารี่ลับ","Start your adventure with the Our Story Essence. Its quality increases by 50% every time you defeat 75 enemies and is completed when quality reaches 500%. When completed, this Essence increases Bismuth's Ability Power and Attack Damage by 10%, and enhances all buffs from Distorting Sprint by 30%.","เริ่มการผจญภัยด้วยแก่นเรื่องราวของเรา คุณภาพเพิ่มขึ้น 50% ทุกครั้งที่เอาชนะศัตรู 75 ตัวและเสร็จสมบูรณ์เมื่อคุณภาพถึง 500% เมื่อเสร็จสมบูรณ์ แก่นนี้เพิ่มพลังความสามารถและความเสียหายโจมตีของบิสมัท 10% และเสริมบัฟทั้งหมดจากวิ่งบิดเบี้ยว 30%",,""
"Se_Star_Bismuth_I_ShopDiscount","I'm Adorable","ฉันน่ารัก","The Gold price of items sold by Merchants is reduced by 5%.","ราคาทองของไอเทมที่ขายโดยพ่อค้าลดลง 5%",,""
"Se_Star_Bismuth_I_TreasureWithHealthPenalty","Beautiful Metal","โลหะสวยงาม","Start your adventure with the Metallic Crystal Essence. You can sell this Essence to Merchants for 200 Gold, or dismantle it for 120 Dream Dust. However, losing this shard will reduce your Maximum Health by 15%.","เริ่มการผจญภัยด้วยแก่นคริสตัลโลหะ คุณสามารถขายแก่นนี้ให้พ่อค้าได้ 200 ทอง หรือรื้อถอนได้ 120 ฝุ่นความฝัน อย่างไรก็ตาม การสูญเสียเศษนี้จะลดพลังชีวิตสูงสุด 15%",,""
"Se_Star_Bismuth_L_ContinuousSpeed","Light Footsteps","ก้าวเท้าเบา","While moving, Movement Speed gradually increases over 5 seconds, up to a maximum of 10%. This bonus disappears when you stop moving.","ขณะเคลื่อนที่ ความเร็วเคลื่อนที่เพิ่มขึ้นค่อยๆ ตลอด 5 วินาที สูงสุด 10% โบนัสนี้หายเมื่อคุณหยุดเคลื่อนที่","Worried about the girl's tiny bare feet? Don't be. She's not walking on rough ground—she's skipping merrily across fluffy clouds on her journey!","กังวลเกี่ยวกับเท้าเปล่าเล็กๆ ของเด็กหญิงหรือ? ไม่ต้อง เธอไม่ได้เดินบนพื้นขรุขระ—เธอกำลังกระโดดโลดเต้นข้ามเมฆนุ่มๆ ในการเดินทางของเธอ!"
"Se_Star_Bismuth_L_DodgeNoDashMoreCharges","Shift in Thinking","เปลี่ยนความคิด","Distorting Sprint no longer dashes, but gains 1 additional maximum charges.","วิ่งบิดเบี้ยวไม่พุ่งอีกต่อไป แต่ได้รับชาร์จสูงสุดเพิ่มเติม 1",,""
"Se_Star_Bismuth_L_SecondWindWithPenalty","Two Souls","สองวิญญาณ","When you take Fatal damage, you ignore that damage and become Invulnerable for 1 seconds. However, a random Memory is destroyed, and Identity Memories may also be destroyed. This can only occur once per game.","เมื่อคุณได้รับความเสียหายถึงตาย คุณจะเพิกเฉยความเสียหายนั้นและกลายเป็นอมตะ 1 วินาที อย่างไรก็ตาม ความทรงจำสุ่มจะถูกทำลาย และความทรงจำเอกลักษณ์อาจถูกทำลายด้วย เกิดได้เพียงครั้งเดียวต่อเกม",,""
"Se_Star_Husk_D_AttackDamage","Purpose of My Existence","จุดประสงค์ของการมีอยู่","Increases Attack Damage by 4.","เพิ่มความเสียหายโจมตี 4",,""
"Se_Star_Husk_D_CritAmp","Dance of Death","การเต้นรำแห่งความตาย","Increases Critical Strike Damage by 15%.","เพิ่มความเสียหายคริติคอล 15%",,""
"Se_Star_Husk_D_DamageAmpOnLowHpTarget","Merciless","ไร้ความเมตตา","All damage dealt to enemies with Health below 35% is increased by 15%.","ความเสียหายทั้งหมดต่อศัตรูที่มีพลังชีวิตต่ำกว่า 35% เพิ่มขึ้น 15%","To one devoid of emotion, showing mercy to enemies is nothing but the height of inefficiency.","สำหรับผู้ที่ปราศจากอารมณ์ การแสดงความเมตตาต่อศัตรูไม่ใช่อะไรนอกจากความไร้ประสิทธิภาพสูงสุด"
"Se_Star_Husk_D_DamageOverTimeCritWithPenalty","Life Neglect","ละเลยชีวิต","Reduces healing received by 30%, but when a Critical Strike lands, it deals additional damage equal to 15% of the damage over 2 seconds.","ลดการฟื้นฟูที่ได้รับ 30% แต่เมื่อคริติคอล จะสร้างความเสียหายเพิ่มเติมเท่ากับ 15% ของความเสียหายตลอด 2 วินาที",,""
"Se_Star_Husk_D_DarkAttackWithPenalty","Soul Oil","น้ำมันวิญญาณ","Your Maximum Health is reduced by 15%, but your Attack Speed increases by 8% and your basic attacks deal Dark damage.","พลังชีวิตสูงสุดลดลง 15% แต่ความเร็วโจมตีเพิ่มขึ้น 8% และการโจมตีพื้นฐานสร้างความเสียหายมืด",,""
"Se_Star_Husk_D_MovementSkillHaste","Soul Acceleration","การเร่งวิญญาณ","The Cooldown of all Dash and Teleport Memories is reduced by 10%.","คูลดาวน์ของความทรงจำพุ่งและเทเลพอร์ตทั้งหมดลดลง 10%",,""
"Se_Star_Husk_D_ScalingAdAndAtkSpd","Perceive, Learn, Adapt","รับรู้ เรียนรู้ ปรับตัว","Gain 1.5 Attack Damage and 3% Attack Speed each time you reach levels 5, 10, 15, and 20.","ได้รับความเสียหายโจมตี 1.5 และความเร็วโจมตี 3% ทุกครั้งที่ถึงเลเวล 5, 10, 15 และ 20",,""
"Se_Star_Husk_F_AS_AddedDurationOnHit","Chained Bloodlust","กระหายเลือดล่ามโซ่","During Annihilation Stance, each time your basic attack or sword energy hits an enemy, the duration increases by 0.2 seconds.","ในท่าทางทำลายล้าง ทุกครั้งที่การโจมตีพื้นฐานหรือพลังดาบโจมตีศัตรู ระยะเวลาเพิ่มขึ้น 0.2 วินาที",,""
"Se_Star_Husk_F_AS_NonUltimate","Controlled Madness","ความบ้าคลั่งควบคุม","Annihilation Stance becomes a regular ability with a 14 second cooldown. In this form, sword energy damage and attack damage bonuses are reduced by 40%. The stance lasts for 4 seconds and allows you to use other Memories while it is active.","ท่าทางทำลายล้างกลายเป็นความสามารถปกติที่มีคูลดาวน์ 14 วินาที ในรูปแบบนี้ ความเสียหายพลังดาบและโบนัสความเสียหายโจมตีลดลง 40% ท่าทางคงอยู่ 4 วินาทีและให้คุณใช้ความทรงจำอื่นได้ขณะทำงาน","After becoming an empty shell devoid of soul, he was able to control himself even more perfectly.","หลังจากกลายเป็นเปลือกว่างเปล่าปราศจากวิญญาณ เขาสามารถควบคุมตัวเองได้อย่างสมบูรณ์แบบยิ่งขึ้น"
"Se_Star_Husk_F_AS_NoShockwaveFasterAttack","Frenzied Blade Dance","การเต้นรำใบมีดคลั่งไคล้","Annihilation Stance no longer fires sword energy but attacks 100% more frequently.","ท่าทางทำลายล้างไม่ยิงพลังดาบอีกต่อไป แต่โจมตีบ่อยขึ้น 100%",,""
"Se_Star_Husk_F_LA_DodgeResetOnRed","Flow of Energy","การไหลของพลังงาน","Laceration's cooldown increases by 1 seconds, but casting Red Form resets Flash Step's cooldown.","คูลดาวน์ของการฉีกขาดเพิ่มขึ้น 1 วินาที แต่การใช้รูปแบบแดงรีเซ็ตคูลดาวน์ของก้าวแวบ","He surrenders to the flow and takes his steps—flawless and detached.","เขายอมจำนนต่อการไหลและก้าวไป—ไร้ที่ติและเฉยเมย"
"Se_Star_Husk_F_LA_QuickBlueForm","Rapid Draw","ชักเร็ว","Laceration's cooldown is reduced by 30% and Blue Form's cast time is reduced by 40%, but it no longer grants Invulnerability.","คูลดาวน์ของการฉีกขาดลดลง 30% และเวลาใช้รูปแบบน้ำเงินลดลง 40% แต่ไม่ให้ความเป็นอมตะอีกต่อไป",,""
"Se_Star_Husk_F_LA_SingleTargetCooldown","Precise Strike","การโจมตีแม่นยำ","If Laceration hits only one target, its cooldown is reduced by 30%.","หากการฉีกขาดโจมตีเป้าหมายเดียว คูลดาวน์ลดลง 30%",,""
"Se_Star_Husk_I_BossKillPlatinumCoin","Bounty","เงินรางวัล","When you defeat a boss, you have a 30% chance to obtain a Platinum Coin. This coin can refresh the Merchant's inventory.","เมื่อคุณเอาชนะบอส มีโอกาส 30% ที่จะได้รับเหรียญแพลทินัม เหรียญนี้สามารถรีเฟรชสินค้าของพ่อค้า",,""
"Se_Star_Husk_I_ShopIntimidation","Creepy One-Eyed Doll","ตุ๊กตาตาเดียวน่าขนลุก","Intimidate Merchants to lower item prices. If you succeed (50% chance), the Gold price is reduced by 50%. If you fail, it increases by 50%.","ข่มขู่พ่อค้าเพื่อลดราคาไอเทม หากสำเร็จ (โอกาส 50%) ราคาทองลดลง 50% หากล้มเหลว เพิ่มขึ้น 50%","He believes intimidation is the most efficient and convenient method. Of course, it doesn't work on the braver Jonas.","เขาเชื่อว่าการข่มขู่เป็นวิธีที่มีประสิทธิภาพและสะดวกที่สุด แน่นอนว่ามันไม่ได้ผลกับโจนาสผู้กล้าหาญกว่า"
"Se_Star_Husk_L_DodgeChargesAndRangeWithPenalty","Gunpowder Propelled Leap","การกระโดดขับเคลื่อนดินปืน","Flash Step's cooldown increases by 1 seconds, but its maximum charges increase by 1 and its travel distance increases by 10%.","คูลดาวน์ของก้าวแวบเพิ่มขึ้น 1 วินาที แต่ชาร์จสูงสุดเพิ่มขึ้น 1 และระยะทางเดินทางเพิ่มขึ้น 10%",,""
"Se_Star_Husk_L_DodgeCooldownOnKillOrAttack","Complete Immersion","การดื่มด่ำสมบูรณ์","When you kill an enemy or perform a basic attack on a boss, Flash Step's cooldown is reduced by 10%.","เมื่อคุณฆ่าศัตรูหรือทำการโจมตีพื้นฐานบนบอส คูลดาวน์ของก้าวแวบลดลง 10%",,""
"Se_Star_Husk_L_DodgeCooldownOnKillWithEmptyCharges","Transcendence","การเหนือธรรมชาติ","Flash Step cooldown is increased by 1 seconds. When you have no Flash Step charges and kill an enemy, its current cooldown is reduced by 40%.","คูลดาวน์ของก้าวแวบเพิ่มขึ้น 1 วินาที เมื่อคุณไม่มีชาร์จก้าวแวบและฆ่าศัตรู คูลดาวน์ปัจจุบันลดลง 40%","A puppet's body freed from emotional chains, efficient and perfect movements, and the center of a sea of blood.","ร่างกายหุ่นเชิดที่ปลดปล่อยจากโซ่อารมณ์ การเคลื่อนไหวที่มีประสิทธิภาพและสมบูรณ์แบบ และศูนย์กลางของทะเลเลือด"
"Se_Star_Husk_L_FatalHitProtectionWithPenalty","Emergency Repair","การซ่อมฉุกเฉิน","When you take Fatal damage, you ignore that damage and become Invulnerable for 1 seconds, but your Maximum Health is reduced by 15%. This can only occur once per game.","เมื่อคุณได้รับความเสียหายถึงตาย คุณจะเพิกเฉยความเสียหายนั้นและกลายเป็นอมตะ 1 วินาที แต่พลังชีวิตสูงสุดลดลง 15% เกิดได้เพียงครั้งเดียวต่อเกม",,""
"Se_Star_Lacerta_D_AbilityPower","Lizard's Intellect","สติปัญญาจิ้งจก","Increases Ability Power by 4.","เพิ่มพลังความสามารถ 4",,""
"Se_Star_Lacerta_D_AttackDamage","Premium Gunpowder","ดินปืนพรีเมียม","Increases Attack Damage by 4.","เพิ่มความเสียหายโจมตี 4",,""
"Se_Star_Lacerta_D_AttackRange","Improvised Scope","กล้องเล็งด้นสด","Increases Attack Range by 0.5m.","เพิ่มระยะโจมตี 0.5 เมตร",,""
"Se_Star_Lacerta_D_AttackSpeed","Loading Mastery","ความเชี่ยวชาญการบรรจุ","Increases Attack Speed by 6%.","เพิ่มความเร็วโจมตี 6%",,""
"Se_Star_Lacerta_F_HC_KnockbackAndSlow","Dirty Gunpowder","ดินปืนสกปรก","Hand Cannon always knocks enemies back and reduces their Movement Speed by 75% for 4 seconds.","ปืนใหญ่มือผลักศัตรูออกเสมอและลดความเร็วเคลื่อนที่ 75% เป็นเวลา 4 วินาที",,""
"Se_Star_Lacerta_F_HC_NearDamage","Barasus's Fury","ความโกรธของบาราซัส","Increases the damage dealt by Hand Cannon to nearby enemies by 150%.","เพิ่มความเสียหายที่ปืนใหญ่มือสร้างต่อศัตรูใกล้เคียง 150%","He never forgot that overwhelming power he witnessed from afar. And finally, he recreated it with his own hands.","เขาไม่เคยลืมพลังท่วมท้นที่เขาเห็นจากระยะไกล และในที่สุด เขาก็สร้างมันขึ้นมาใหม่ด้วยมือของเขาเอง"
"Se_Star_Lacerta_F_IR_AoEDamage","Explosive Ammunition","กระสุนระเบิด","Incendiary Rounds explode, damaging nearby enemies.","กระสุนเพลิงระเบิด สร้างความเสียหายต่อศัตรูใกล้เคียง",,""
"Se_Star_Lacerta_F_IR_MoreShots","Cartridge Belt","สายคาดกระสุน","Incendiary Rounds's cooldown increases by 2 seconds, but the number of bullets fired also increases by 2.","คูลดาวน์ของกระสุนเพลิงเพิ่มขึ้น 2 วินาที แต่จำนวนกระสุนที่ยิงก็เพิ่มขึ้น 2",,""
"Se_Star_Lacerta_F_PS_ChargeSpeed","Seasoned Aim","การเล็งผ่านประสบการณ์","Precision Shot's charge speed increases by 33%.","ความเร็วชาร์จของการยิงแม่นยำเพิ่มขึ้น 33%",,""
"Se_Star_Lacerta_F_PS_CooldownReset","Special Operation","ปฏิบัติการพิเศษ","Precision Shot's width decreases by 60%, but killing an enemy with the shot resets the cooldown.","ความกว้างของการยิงแม่นยำลดลง 60% แต่การฆ่าศัตรูด้วยการยิงรีเซ็ตคูลดาวน์",,""
"Se_Star_Lacerta_F_PS_SlowerStronger","No Such Thing as Overkill","ไม่มีคำว่าเกินไป","Precision Shot's charge speed decreases by 40%, but its damage increases by 50% and width by 30%.","ความเร็วชาร์จของการยิงแม่นยำลดลง 40% แต่ความเสียหายเพิ่มขึ้น 50% และความกว้าง 30%",,""
"Se_Star_Lacerta_F_QT_AddedCharges","Quick Reload","บรรจุเร็ว","Quick Draw's cooldown increases by 3 seconds, but it now recharges all at once.","คูลดาวน์ของชักเร็วเพิ่มขึ้น 3 วินาที แต่ตอนนี้ชาร์จเต็มทั้งหมดพร้อมกัน",,""
"Se_Star_Lacerta_F_QT_AttackEffect","Dream Ammunition","กระสุนความฝัน","Quick Draw triggers attack effects.","ชักเร็วทริกเกอร์เอฟเฟกต์การโจมตี",,""
"Se_Star_Lacerta_F_QT_RapidFire","Indiscriminate Barrage","ยิงสุ่มสี่สุ่มห้า","Quick Draw's charge count is reduced by 1, but it fires 6 shots.","จำนวนชาร์จของชักเร็วลดลง 1 แต่ยิง 6 นัด",,""
"Se_Star_Lacerta_I_BonusFromStones","Rewarding Collection","การสะสมคุ้มค่า","Breaking Gold Shards or Dream Dust Shards grants an additional 6 Gold and Dream Dust.","การทำลายเศษทองหรือเศษฝุ่นความฝันให้ทองและฝุ่นความฝันเพิ่มเติม 6",,""
"Se_Star_Lacerta_I_BossBounty","Wild Monster Hunter","นักล่ามอนสเตอร์ป่า","Gain an additional 45 Gold each time you defeat a Boss.","ได้รับทองเพิ่มเติม 45 ทุกครั้งที่เอาชนะบอส","<i>""Killing Monsters""</i>","<i>""ฆ่ามอนสเตอร์""</i>"
"Se_Star_Lacerta_I_ShopDiscount","Skilled Negotiator","นักเจรจาชำนาญ","The Gold price of items sold by Merchants is reduced by 10%.","ราคาทองของไอเทมที่ขายโดยพ่อค้าลดลง 10%",,""
"Se_Star_Lacerta_I_ShopMoreItemsWithPenalty","Northern Lizardman Bargaining","การต่อรองของจิ้งจกเหนือ","The Gold price of items sold by some Merchants is increased by 50%, but they offer 2 additional items for sale.","ราคาทองของไอเทมที่ขายโดยพ่อค้าบางคนเพิ่มขึ้น 50% แต่พวกเขาเสนอไอเทมเพิ่มเติม 2 ชิ้น","Northern Lizardmen usually have the upper hand in negotiations. Their unique coolness and logic play a part, but their emotionless eyes are simply too intimidating.","จิ้งจกเหนือมักมีความได้เปรียบในการเจรจา ความเย็นชาและตรรกะเฉพาะตัวมีส่วน แต่ดวงตาไร้อารมณ์ของพวกเขาน่ากลัวเกินไป"
"Se_Star_Lacerta_L_DodgeCharges","Lizard Oil","น้ำมันจิ้งจก","Dodge skill's cooldown increases by 1.5 seconds, but it gains 1 additional charge.","คูลดาวน์ของทักษะหลบเพิ่มขึ้น 1.5 วินาที แต่ได้รับชาร์จเพิ่มเติม 1",,""
"Se_Star_Lacerta_L_SpeedAfterDodge","Flexible Lizard","จิ้งจกยืดหยุ่น","Using Dodge increases your Movement Speed by 20% for 1.5 seconds.","การใช้หลบเพิ่มความเร็วเคลื่อนที่ 20% เป็นเวลา 1.5 วินาที","The Lizardman's remarkably flexible body is a tremendous asset in maintaining effective firing angles in any situation.","ร่างกายที่ยืดหยุ่นอย่างน่าทึ่งของจิ้งจกเป็นทรัพย์สินอันยิ่งใหญ่ในการรักษามุมยิงที่มีประสิทธิภาพในทุกสถานการณ์"
"Se_Star_Mist_I_CamillasGift","Camilla's Gift","ของขวัญคามิลลา","You begin your adventure with Camilla's Gift. Camilla's Gift sells for 100 and increases in value by 200 each time you enter a new world. However, if enemy damage drops your health below 50%, the gift is destroyed.","คุณเริ่มการผจญภัยด้วยของขวัญคามิลลา ของขวัญคามิลลาขายได้ 100 และเพิ่มมูลค่า 200 ทุกครั้งที่เข้าโลกใหม่ อย่างไรก็ตาม หากความเสียหายจากศัตรูทำให้พลังชีวิตลดลงต่ำกว่า 50% ของขวัญจะถูกทำลาย","The kindness of her patron, Camilla, was never one-sided. Surely, she remains a cherished bond for Mist as well.","ความเมตตาของผู้อุปถัมภ์ของเธอ คามิลลา ไม่เคยเป็นแบบข้างเดียว แน่นอนว่าเธอยังคงเป็นสายสัมพันธ์อันล้ำค่าสำหรับมิสต์เช่นกัน"
"Se_Star_Mist_L_PotionShield","Honey-Glazed Fruit","ผลไม้เคลือบน้ำผึ้ง","Health Potions grant a Barrier equal to 50% of the healing provided.","ยาฟื้นฟูให้เกราะป้องกันเท่ากับ 50% ของการฟื้นฟูที่ให้",,""
"Se_Star_Mist_D_AttackDamage","Astrid's Smithing","การตีเหล็กของแอสทริด","Increases Attack Damage by 3.","เพิ่มความเสียหายโจมตี 3","A younger sister's earnest prayers for her elder sister's safety are infused into the blade along with the sound of tempering.","คำอธิษฐานอย่างจริงใจของน้องสาวเพื่อความปลอดภัยของพี่สาวถูกผสมผสานเข้าไปในใบมีดพร้อมกับเสียงการชุบแข็ง"
"Se_Star_Mist_D_BonusOnDash","Strike the Weakness!","โจมตีจุดอ่อน!","After dash or teleport, gain 5 Attack Damage and 10% Critical Strike Chance for 2.5 seconds.","หลังพุ่งหรือเทเลพอร์ต ได้รับความเสียหายโจมตี 5 และโอกาสคริติคอล 10% เป็นเวลา 2.5 วินาที",,""
"Se_Star_Mist_D_BossDamageOnHighHp","Duelist's Focus","สมาธิของนักดวล","When your Health is above 90%, all damage dealt to any Boss is increased by 20%.","เมื่อพลังชีวิตเหนือ 90% ความเสียหายทั้งหมดต่อบอสใดๆ เพิ่มขึ้น 20%",,""
"Se_Star_Mist_D_HunterDamage","Finally, A Worthy Opponent","ในที่สุด คู่ต่อสู้ที่คู่ควร","All damage dealt to Hunters is increased by 20%.","ความเสียหายทั้งหมดต่อนักล่าเพิ่มขึ้น 20%","She has never lost a single duel, whether secret or official.","เธอไม่เคยแพ้การดวลแม้แต่ครั้งเดียว ไม่ว่าจะเป็นแบบลับหรือเป็นทางการ"
"Se_Star_Mist_D_ScalingAD","Dream-Infused Saber","ดาบชุบความฝัน","Gain 2 Attack Damage each time you reach levels 5, 10, 15, and 20.","ได้รับความเสียหายโจมตี 2 ทุกครั้งที่ถึงเลเวล 5, 10, 15 และ 20",,""
"Se_Star_Mist_F_FL_DecreasedCooldownAndCharge","Blooming Dream","ความฝันผลิบาน","Flèche comes with 2 fewer charges, but its cooldown is reduced by 6 seconds.","เฟลชมีชาร์จน้อยลง 2 แต่คูลดาวน์ลดลง 6 วินาที",,""
"Se_Star_Mist_F_FL_Lightning","Lightning Breath","ลมหายใจฟ้าผ่า","Flèche's damage is converted to Light damage, and you teleport instead of dashing.","ความเสียหายของเฟลชถูกแปลงเป็นความเสียหายแสง และคุณเทเลพอร์ตแทนการพุ่ง",,""
"Se_Star_Mist_F_FL_MaxRangeExplosion","Coup de Grâce","การโจมตีจบ","When Flèche hits at maximum range, its damage is increased by 80% and it explodes, damaging a wide area.","เมื่อเฟลชโจมตีที่ระยะสูงสุด ความเสียหายเพิ่มขึ้น 80% และระเบิด สร้างความเสียหายพื้นที่กว้าง",,""
"Se_Star_Mist_F_LG_IncreasedCooldownReduction","Cutting Through Wind","ตัดผ่านสายลม","Lunge deals 50% reduced damage, but you gain 100% increased cooldown reduction when Astrid's Masterpiece triggers.","การพุ่งสร้างความเสียหายลดลง 50% แต่คุณได้รับการลดคูลดาวน์เพิ่มขึ้น 100% เมื่อผลงานชิ้นเอกของแอสทริดทริกเกอร์",,""
"Se_Star_Mist_F_LG_RangeAndSpeed","West Wind","ลมตะวันตก","Increases the cast range of Lunge by 33%.","เพิ่มระยะใช้ของการพุ่ง 33%",,""
"Se_Star_Mist_F_LG_SingleTarget","Focused Strike","การโจมตีมุ่งเน้น","Lunge now hits only a single target, but its cooldown is reduced by 1.5 seconds and its damage is increased by 100%. It also knocks back enemies.","การพุ่งตอนนี้โจมตีเป้าหมายเดียว แต่คูลดาวน์ลดลง 1.5 วินาทีและความเสียหายเพิ่มขึ้น 100% และผลักศัตรูออกด้วย",,""
"Se_Star_Mist_F_PR_AllDirections","Wide Vision","วิสัยทัศน์กว้าง","Parry's cooldown is increased by 1.5 seconds, but you can parry attacks from all directions.","คูลดาวน์ของการป้องกันเพิ่มขึ้น 1.5 วินาที แต่คุณสามารถป้องกันการโจมตีจากทุกทิศทาง",,""
"Se_Star_Mist_F_PR_PerfectParry","The Best Offense is Defense","การโจมตีที่ดีที่สุดคือการป้องกัน","Parry's cooldown is reduced by 4 seconds, but the effective parry window is reduced by 40%.","คูลดาวน์ของการป้องกันลดลง 4 วินาที แต่ช่วงเวลาป้องกันที่มีประสิทธิภาพลดลง 40%","She never rushes. The most crucial opportunity comes the moment her opponent strikes.","เธอไม่เคยรีบร้อน โอกาสที่สำคัญที่สุดมาถึงในขณะที่คู่ต่อสู้โจมตี"
"Se_Star_Mist_F_PR_ShieldAndCrit","Charged Saber","ดาบชาร์จ","After successfully Parrying, your next attack becomes a critical strike, and you gain a shield equal to 250% of the parried damage that decays over 4 seconds. The shield's duration increases by 0.5 seconds each time you enhance Parry.","หลังป้องกันสำเร็จ การโจมตีครั้งถัดไปกลายเป็นคริติคอล และคุณได้รับเกราะป้องกันเท่ากับ 250% ของความเสียหายที่ป้องกันที่ลดลงตลอด 4 วินาที ระยะเวลาเกราะป้องกันเพิ่มขึ้น 0.5 วินาทีทุกครั้งที่คุณเสริมการป้องกัน",,""
"Se_Star_Mist_F_UD_ExplosionDamage","Determined Explosion","การระเบิดมุ่งมั่น","Unbreakable Determination's duration is reduced by 30%, but the intial explosion's damage is increased by 200%.","ระยะเวลาของความมุ่งมั่นไม่แตกหักลดลง 30% แต่ความเสียหายระเบิดเริ่มต้นเพิ่มขึ้น 200%",,""
"Se_Star_Mist_F_UD_HealLostHealth","Two Hearts","สองหัวใจ","Casting Unbreakable Determination restores 35% of missing Health.","การใช้ความมุ่งมั่นไม่แตกหักฟื้นฟูพลังชีวิตที่หายไป 35%",,""
"Se_Star_Mist_I_BonusOnCatPet","Cat Lover","คนรักแมว","Gain 800 Gold and 800 Dream Dust when petting a Cat.","ได้รับ 800 ทองและ 800 ฝุ่นความฝันเมื่อลูบแมว",,""
"Se_Star_Mist_I_StartGoldWithPenalty","Noble Lineage","สายเลือดขุนนาง","You begin your adventure with 150 Gold, but the Gold price of Merchant items is increased by 10%.","คุณเริ่มการผจญภัยด้วย 150 ทอง แต่ราคาทองของไอเทมพ่อค้าเพิ่มขึ้น 10%","Though the Verdesilver family has fallen, her nobility remains untarnished.","แม้ว่าตระกูลเวอร์เดซิลเวอร์จะล่มสลาย ความเป็นขุนนางของเธอยังคงไม่เสื่อมคลาย"
"Se_Star_Mist_L_AddedDodgeWithPenalty","Light Armament","อาวุธเบา","Damage taken from enemies is increased by 25%, but you gain 1 additional charge for your Dodge.","ความเสียหายที่ได้รับจากศัตรูเพิ่มขึ้น 25% แต่คุณได้รับชาร์จเพิ่มเติม 1 สำหรับการหลบ",,""
"Se_Star_Mist_L_ArmorWithPenalty","Plate Pauldrons","แผ่นไหล่เกราะ","Your Armor is increased by 15, but this effect disappears for 8 seconds when you take damage from enemies.","เกราะของคุณเพิ่มขึ้น 15 แต่เอฟเฟกต์นี้หายไป 8 วินาทีเมื่อคุณได้รับความเสียหายจากศัตรู",,""
"Se_Star_Mist_L_DodgeCooldownWithPenalty","Balestra","บาเลสตรา","Your Dodge has 1 fewer maximum charge, but its cooldown is reduced by 0.8 seconds.","การหลบของคุณมีชาร์จสูงสุดน้อยลง 1 แต่คูลดาวน์ลดลง 0.8 วินาที",,""
"Se_Star_Mist_L_MovSpeed","Light as a Feather","เบาเหมือนขนนก","Movement Speed is increased by 3%. When your Health is above 90%, this effect is increased by 50%.","ความเร็วเคลื่อนที่เพิ่มขึ้น 3% เมื่อพลังชีวิตเหนือ 90% เอฟเฟกต์นี้เพิ่มขึ้น 50%",,""
"Se_Star_Nachia_D_AbilityPower","Guardian of Order","ผู้พิทักษ์แห่งระเบียบ","Increases Ability Power by 4.","เพิ่มพลังความสามารถ 4","The order of the forest is simple and clear: life, death, and the cycle.","ระเบียบของป่าเรียบง่ายและชัดเจน: ชีวิต ความตาย และวัฏจักร"
"Se_Star_Nachia_D_CanineLover","Dog Lover","คนรักสุนัข","When a canine monster or summon dies nearby, Nachia becomes enraged for 5 seconds, increasing her Attack Speed by 15%. However, Nachia's damage to canine monsters is reduced by 30%.","เมื่อมอนสเตอร์สุนัขหรือผู้ถูกเรียกตายใกล้ๆ นาเชียโกรธเป็นเวลา 5 วินาที เพิ่มความเร็วโจมตี 15% อย่างไรก็ตาม ความเสียหายของนาเชียต่อมอนสเตอร์สุนัขลดลง 30%","She believes there are no bad dogs in this world.","เธอเชื่อว่าไม่มีสุนัขตัวไหนที่ไม่ดีในโลกนี้"
"Se_Star_Nachia_D_SkillHaste","Gentle Breeze","สายลมอ่อนโยน","Increases Memory Haste by 5.","เพิ่มความเร็วความทรงจำ 5",,""
"Se_Star_Nachia_D_SummonAtkSpd","Enhanced Ferocity","ความดุร้ายเสริม","Increases the Attack Speed of all summons by 9%.","เพิ่มความเร็วโจมตีของผู้ถูกเรียกทั้งหมด 9%",,""
"Se_Star_Nachia_F_MP_NachiaHeal","Pact of Destiny","สัญญาแห่งโชคชะตา","Nachia also receives 50% of the healing from Moonlight Pact's cast effect.","นาเชียได้รับการฟื้นฟู 50% จากเอฟเฟกต์การใช้สัญญาแสงจันทร์ด้วย",,""
"Se_Star_Nachia_F_MP_NoJump","Death Waltz","วอลทซ์แห่งความตาย","Moonlight Pact's charge count increases by 1, but on cast, Fenrir instantly slashes a wide circular area instead of leaping.","จำนวนชาร์จของสัญญาแสงจันทร์เพิ่มขึ้น 1 แต่เมื่อใช้ เฟนริร์ฟันพื้นที่วงกลมกว้างทันทีแทนการกระโดด",,""
"Se_Star_Nachia_F_MP_StrongerFenrirNoCast","Lone Wolf","หมาป่าโดดเดี่ยว","You can no longer cast Moonlight Pact, but Fenrir's Armor increases by 60 and his basic attack damage increases by 30%.","คุณไม่สามารถใช้สัญญาแสงจันทร์อีกต่อไป แต่เกราะของเฟนริร์เพิ่มขึ้น 60 และความเสียหายการโจมตีพื้นฐานเพิ่มขึ้น 30%",,""
"Se_Star_Nachia_F_NW_LessCooldownLessAtkSpd","Micro-managing","การจัดการละเอียด","Nature's Whisper's cooldown is reduced by 80%, but the Attack Speed bonus is also reduced by 50%.","คูลดาวน์ของกระซิบธรรมชาติลดลง 80% แต่โบนัสความเร็วโจมตีก็ลดลง 50%",,""
"Se_Star_Nachia_F_NW_MovSpeed","Fetch!","เอามา!","Targets also gain Movement Speed equal to 80% of the Attack Speed bonus from Nature's Whisper.","เป้าหมายได้รับความเร็วเคลื่อนที่เท่ากับ 80% ของโบนัสความเร็วโจมตีจากกระซิบธรรมชาติด้วย",,""
"Se_Star_Nachia_F_NW_Teleport","Nature's Command","คำสั่งธรรมชาติ","Nature's Whisper instantly teleports summons to the target location.","กระซิบธรรมชาติเทเลพอร์ตผู้ถูกเรียกไปยังตำแหน่งเป้าหมายทันที",,""
"Se_Star_Nachia_F_SB_DurationBonus","Merciful Blessing","พรเมตตา","Increases the duration of Serpent's Blessing by 4 seconds.","เพิ่มระยะเวลาของพรงู 4 วินาที",,""
"Se_Star_Nachia_F_SB_SecondWind","Immortal Protection","การปกป้องอมตะ","When an ally affected by Serpent's Blessing would take lethal damage, the blessing is immediately removed instead and they recover 50% of their Maximum Health.","เมื่อพันธมิตรที่ได้รับผลกระทบจากพรงูจะได้รับความเสียหายถึงตาย พรจะถูกลบออกทันทีแทนและพวกเขาฟื้นฟูพลังชีวิตสูงสุด 50%",,""
"Se_Star_Nachia_F_SB_StrongerBuffNoSelf","Serpent's Love","ความรักของงู","Serpent's Blessing's Attack Speed bonus increases by 50%, but it no longer buffs yourself when targeting an ally.","โบนัสความเร็วโจมตีของพรงูเพิ่มขึ้น 50% แต่ไม่บัฟตัวเองอีกต่อไปเมื่อเล็งพันธมิตร",,""
"Se_Star_Nachia_F_SC_AtkEffect","Sharp Claws","กรงเล็บคม","The Leaf Hounds from Sylvan Call trigger 30% attack effects with their basic attacks.","สุนัขใบไม้จากการเรียกป่าทริกเกอร์เอฟเฟกต์การโจมตี 30% ด้วยการโจมตีพื้นฐาน","Regular nail trimming is essential for any good dog.","การตัดเล็บเป็นประจำเป็นสิ่งจำเป็นสำหรับสุนัขดีๆ"
"Se_Star_Nachia_F_SC_AtkSpd","Accelerated Life","ชีวิตเร่ง","Leaf Hounds from Sylvan Call have a shorter duration by 3 seconds, but their Attack Speed increases by 50% for 5 seconds after being summoned.","สุนัขใบไม้จากการเรียกป่ามีระยะเวลาสั้นลง 3 วินาที แต่ความเร็วโจมตีเพิ่มขึ้น 50% เป็นเวลา 5 วินาทีหลังถูกเรียก",,""
"Se_Star_Nachia_F_SC_MoreSummons","More Hounds!","สุนัขเพิ่ม!","The duration of Sylvan Call Leaf Hounds is reduced by 3 seconds, but the maximum charge count increases by 1 and the maximum number of summons also increases by 1.","ระยะเวลาของสุนัขใบไม้การเรียกป่าลดลง 3 วินาที แต่จำนวนชาร์จสูงสุดเพิ่มขึ้น 1 และจำนวนผู้ถูกเรียกสูงสุดก็เพิ่มขึ้น 1",,""
"Se_Star_Nachia_I_ForestKillDreamDust","Reaping Life","เก็บเกี่ยวชีวิต","Increases Movement Speed by 8% in the Forest of Turbulence and grants 0.5 Dream Dust for each enemy killed.","เพิ่มความเร็วเคลื่อนที่ 8% ในป่าแห่งความปั่นป่วนและให้ฝุ่นความฝัน 0.5 ต่อศัตรูที่ฆ่า",,""
"Se_Star_Nachia_I_ForestShopDiscount","Long Time No See! Miss Me?","ไม่เจอกันนาน คิดถึงไหม?","The Gold price of items sold by merchants in the Forest of Turbulence is reduced by 30%.","ราคาทองของไอเทมที่ขายโดยพ่อค้าในป่าแห่งความปั่นป่วนลดลง 30%",,""
"Se_Star_Nachia_I_ForestStartDreamDust","Refreshing Morning Dew","น้ำค้างยามเช้าสดชื่น","Gain 100 Dream Dust each time you visit the Forest of Turbulence.","ได้รับฝุ่นความฝัน 100 ทุกครั้งที่เยี่ยมชมป่าแห่งความปั่นป่วน",,""
"Se_Star_Nachia_I_SummonKillGold","Hunting Training","การฝึกล่า","When a summon kills an enemy with a basic attack, there's a 25% chance to gain 2 additional Gold.","เมื่อผู้ถูกเรียกฆ่าศัตรูด้วยการโจมตีพื้นฐาน มีโอกาส 25% ที่จะได้รับทองเพิ่มเติม 2",,""
"Se_Star_Nachia_L_AllyUnstoppable","Bestow Willpower","มอบพลังใจ","When you apply a buff to an ally, they become Unstoppable for 1.5 seconds. This effect has a cooldown of 5 seconds per target.","เมื่อคุณใส่บัฟให้พันธมิตร พวกเขากลายเป็นหยุดไม่ได้เป็นเวลา 1.5 วินาที เอฟเฟกต์นี้มีคูลดาวน์ 5 วินาทีต่อเป้าหมาย",,""
"Se_Star_Nachia_L_HealAndShieldAmp","Life is Sacred","ชีวิตศักดิ์สิทธิ์","Increases the healing and Barrier you give to yourself by 5%, and to allies by 15%.","เพิ่มการฟื้นฟูและเกราะป้องกันที่คุณให้ตัวเอง 5% และให้พันธมิตร 15%",,""
"Se_Star_Nachia_L_SelfWaltz","Waltz Practice","ฝึกวอลทซ์","The buffs from Dreamy Waltz also apply to yourself at 50% effectiveness.","บัฟจากวอลทซ์ความฝันใช้กับตัวเองด้วยที่ประสิทธิภาพ 50%",,""
"Se_Star_Nachia_L_SummonBonus","Steadfast Bond","สายสัมพันธ์มั่นคง","When Nachia's summons are nearby, her Armor increases by 6 and the healing and Barrier she gives to her summons increase by 15%.","เมื่อผู้ถูกเรียกของนาเชียอยู่ใกล้ๆ เกราะของเธอเพิ่มขึ้น 6 และการฟื้นฟูและเกราะป้องกันที่เธอให้ผู้ถูกเรียกเพิ่มขึ้น 15%",,""
"Se_Star_Nachia_L_WaltzArmor","Protective Dance","การเต้นรำปกป้อง","Dreamy Waltz's cooldown increases by 2.2 seconds, but its effect range is increased by 25% and the target's Armor increases by 50.","คูลดาวน์ของวอลทซ์ความฝันเพิ่มขึ้น 2.2 วินาที แต่ระยะเอฟเฟกต์เพิ่มขึ้น 25% และเกราะของเป้าหมายเพิ่มขึ้น 50","Wherever she goes, birds, beasts, and pure spirits gather around her, creating a small sanctuary of peace.","ทุกที่ที่เธอไป นก สัตว์ และวิญญาณบริสุทธิ์รวมตัวกันรอบๆ เธอ สร้างสถานที่ศักดิ์สิทธิ์เล็กๆ แห่งสันติภาพ"
"Se_Star_Nachia_L_WaltzDurationWithPenalty","Impressive Dance Steps","ท่าเต้นน่าประทับใจ","Dreamy Waltz's charge count decreases by 1, but the duration of its buffs increases by 50%.","จำนวนชาร์จของวอลทซ์ความฝันลดลง 1 แต่ระยะเวลาของบัฟเพิ่มขึ้น 50%",,""
"Se_Star_Vesper_D_ADWithNearbyBurning","Solar Praise","สรรเสริญดวงอาทิตย์","Increases Attack Damage by 10% when there are campfires, lava, or burning enemies or allies nearby.","เพิ่มความเสียหายโจมตี 10% เมื่อมีกองไฟ ลาวา หรือศัตรูหรือพันธมิตรที่กำลังลุกไหม้ใกล้ๆ",,""
"Se_Star_Vesper_D_AtkSpd","Pulverizer","เครื่องบด","Increases Attack Speed by 9%.","เพิ่มความเร็วโจมตี 9%","His sacred hammer is perfectly suited for pounding someone into submission.","ค้อนศักดิ์สิทธิ์ของเขาเหมาะอย่างยิ่งสำหรับตีใครบางคนจนยอมจำนน"
"Se_Star_Vesper_D_AtkSpdWithPenalty","Reckless Fury","ความโกรธประมาท","Maximum Health is reduced by 20% but Attack Speed is increased by 10%.","พลังชีวิตสูงสุดลดลง 20% แต่ความเร็วโจมตีเพิ่มขึ้น 10%",,""
"Se_Star_Vesper_D_BossHunterAmpWithPenalty","Grand Purpose","จุดประสงค์ยิ่งใหญ่","Maximum Health is reduced by 10% but Light damage and Fire damage dealt to Bosses and Hunters is increased by 20%.","พลังชีวิตสูงสุดลดลง 10% แต่ความเสียหายแสงและไฟต่อบอสและนักล่าเพิ่มขึ้น 20%",,""
"Se_Star_Vesper_D_ConvertAPToAD","Hammer of Divinity","ค้อนแห่งเทพ","Gain Attack Damage equal to 25% of your Ability Power.","ได้รับความเสียหายโจมตีเท่ากับ 25% ของพลังความสามารถ",,""
"Se_Star_Vesper_F_BS_AddedDurationPerAtk","Endless Hammering","การตีค้อนไม่รู้จบ","Each basic attack during Baptism of the Sun extends its duration by 0.2 seconds.","การโจมตีพื้นฐานแต่ละครั้งในพิธีศีลล้างบาปดวงอาทิตย์ยืดระยะเวลา 0.2 วินาที",,""
"Se_Star_Vesper_F_BS_ADWithArmor","No Pain, No Gain","ไม่เจ็บไม่ได้","Baptism of the Sun grants Attack Damage instead of Attack Speed by the same amount, and grants 10 Armor for each enemy hit by the initial explosion. Hitting a boss grants 40 Armor instead.","พิธีศีลล้างบาปดวงอาทิตย์ให้ความเสียหายโจมตีแทนความเร็วโจมตีในจำนวนเท่ากัน และให้เกราะ 10 ต่อศัตรูแต่ละตัวที่โดนระเบิดเริ่มต้น การโจมตีบอสให้เกราะ 40 แทน",,""
"Se_Star_Vesper_F_BS_MovSpd","Invigorating Heat","ความร้อนกระปรี้กระเปร่า","Baptism of the Sun grants Movement Speed equal to 50% of the Attack Speed bonus.","พิธีศีลล้างบาปดวงอาทิตย์ให้ความเร็วเคลื่อนที่เท่ากับ 50% ของโบนัสความเร็วโจมตี","Sweat makes the muscles shine even brighter.","เหงื่อทำให้กล้ามเนื้อเปล่งประกายสว่างยิ่งขึ้น"
"Se_Star_Vesper_F_CS_ColdDamage","Cold Fury","ความโกรธเย็นชา","Cruel Sun's damage is converted to Cold damage, the stun duration is increased by 2 seconds, and the Armor it grants is increased by 50%.","ความเสียหายของดวงอาทิตย์โหดร้ายถูกแปลงเป็นความเสียหายน้ำแข็ง ระยะเวลาสตันเพิ่มขึ้น 2 วินาที และเกราะที่ให้เพิ่มขึ้น 50%",,""
"Se_Star_Vesper_F_CS_LingeringBenefits","Embers","ถ่านไฟ","The Unstoppable status and Armor bonus from Cruel Sun persist for 2.5 seconds after channeling ends.","สถานะหยุดไม่ได้และโบนัสเกราะจากดวงอาทิตย์โหดร้ายคงอยู่ 2.5 วินาทีหลังจากจบการชาเนล",,""
"Se_Star_Vesper_F_CS_UnlockMoveWithPenalty","Pride Flare","เปลวไฟแห่งความภาคภูมิใจ","Increases Cruel Sun's damage by 25% and allows you to move while channeling, but you no longer gain an Armor bonus.","เพิ่มความเสียหายของดวงอาทิตย์โหดร้าย 25% และให้คุณเคลื่อนที่ได้ขณะชาเนล แต่ไม่ได้รับโบนัสเกราะอีกต่อไป","He believes himself closer to the divine than most. But to dismiss it as mere arrogance—he is far too powerful for that.","เขาเชื่อว่าตัวเองใกล้เทพมากกว่าคนส่วนใหญ่ แต่การมองว่าเป็นเพียงความหยิ่งผยอง—เขาทรงพลังเกินไปสำหรับสิ่งนั้น"
"Se_Star_Vesper_F_DP_FarTargetBonus","Momentum","โมเมนตัม","Reduces Maximum Health by 15%, but increases Discipline's cast range by 30%. The farther you are from your target, the more your damage and radius increase, up to 100% and 50%.","ลดพลังชีวิตสูงสุด 15% แต่เพิ่มระยะใช้ของวินัย 30% ยิ่งคุณอยู่ไกลจากเป้าหมาย ความเสียหายและรัศมียิ่งเพิ่มขึ้น สูงสุด 100% และ 50%",,""
"Se_Star_Vesper_F_DP_PointCast","Reckless Leap","การกระโดดประมาท","Increases Discipline's damage radius by 20% and allows it to be cast without a target.","เพิ่มรัศมีความเสียหายของวินัย 20% และให้ใช้ได้โดยไม่ต้องมีเป้าหมาย",,""
"Se_Star_Vesper_F_DP_SwitchToMelee","Face-to-Face Judgment","การตัดสินหน้าต่อหน้า","Reduces Discipline's cast range by 50%, but grants 1 additional charges and stuns hit enemies for 1 seconds.","ลดระยะใช้ของวินัย 50% แต่ให้ชาร์จเพิ่มเติม 1 และสตันศัตรูที่โดน 1 วินาที",,""
"Se_Star_Vesper_F_SE_FullOffense","Total Offensive","การรุกทั้งหมด","Increases the Attack Speed bonus for allies affected by El's Sanctuary by 50%, and reduces the number of basic attacks needed to trigger the 4th basic attack effect by 1. Does not grant Barrier, Armor, or Unstoppable effects.","เพิ่มโบนัสความเร็วโจมตีสำหรับพันธมิตรที่ได้รับผลกระทบจากสถานที่ศักดิ์สิทธิ์ของเอล 50% และลดจำนวนการโจมตีพื้นฐานที่ต้องการเพื่อทริกเกอร์เอฟเฟกต์การโจมตีพื้นฐานครั้งที่ 4 ลง 1 ไม่ให้เกราะป้องกัน เกราะ หรือเอฟเฟกต์หยุดไม่ได้",,""
"Se_Star_Vesper_F_SE_Invulnerability","Sacred Ground","พื้นศักดิ์สิทธิ์","Reduces El's Sanctuary's duration by 50%, but grants Invulnerability to allies.","ลดระยะเวลาของสถานที่ศักดิ์สิทธิ์ของเอล 50% แต่ให้ความเป็นอมตะแก่พันธมิตร",,""
"Se_Star_Vesper_F_SE_PointCast","A Touch of Altruism","สัมผัสแห่งการเห็นแก่ผู้อื่น","Summons El's Sanctuary at a target location instead of Vesper's position. The cooldown is reduced by 10% for each ally and 3% for each enemy hit by the initial blast.","เรียกสถานที่ศักดิ์สิทธิ์ของเอลที่ตำแหน่งเป้าหมายแทนตำแหน่งของเวสเปอร์ คูลดาวน์ลดลง 10% ต่อพันธมิตรและ 3% ต่อศัตรูที่โดนระเบิดเริ่มต้น","Vesper has a surprisingly soft spot for children. Perhaps an echo of his own troubled childhood?","เวสเปอร์มีจุดอ่อนที่น่าประหลาดใจสำหรับเด็กๆ บางทีอาจเป็นเสียงสะท้อนของวัยเด็กที่มีปัญหาของเขาเอง?"
"Se_Star_Vesper_I_ShopDiscount","Overwhelming Presence","การปรากฏตัวท่วมท้น","The Gold price of items sold by Merchants is reduced by 10%.","ราคาทองของไอเทมที่ขายโดยพ่อค้าลดลง 10%","Everyone has a plan. That is, until they meet him face to face.","ทุกคนมีแผน นั่นคือ จนกว่าพวกเขาจะพบเขาหน้าต่อหน้า"
"Se_Star_Vesper_I_StartGold","War Chest","หีบสงคราม","Gain 100 Gold at the start of your adventure.","ได้รับ 100 ทองเมื่อเริ่มการผจญภัย",,""
"Se_Star_Vesper_L_Armor","Trial Survivor","ผู้รอดชีวิตจากการทดสอบ","Increases Armor by 6.","เพิ่มเกราะ 6","The Order made him walk barefoot through blazing fire and scoop up boiling oil with his bare hands.","คณะสงฆ์ทำให้เขาเดินเท้าเปล่าผ่านไฟลุกโชนและตักน้ำมันเดือดด้วยมือเปล่า"
"Se_Star_Vesper_L_ArmorOnLowHealth","I Shall Not Waver!","ฉันจะไม่หวั่นไหว!","When Health is below 35%, gain 10 Armor.","เมื่อพลังชีวิตต่ำกว่า 35% ได้รับเกราะ 10",,""
"Se_Star_Vesper_L_EmpowerDodgeShield","Heavy Armor Mastery","ความเชี่ยวชาญเกราะหนัก","Increases the Barrier amount of Heavy Strike by 45% and extends its duration by 75%.","เพิ่มจำนวนเกราะป้องกันของการโจมตีหนัก 45% และยืดระยะเวลา 75%",,""
"Se_Star_Vesper_L_FireResistance","Heart of the Sun","หัวใจดวงอาทิตย์","Reduces Fire damage taken by 30% and Burn damage over time taken by 50%.","ลดความเสียหายไฟที่ได้รับ 30% และความเสียหายไหม้ต่อเนื่องที่ได้รับ 50%",,""
"Se_Star_Vesper_L_Health","Tough Skin","ผิวหนังแข็งแรง","Increases Maximum Health by 80.","เพิ่มพลังชีวิตสูงสุด 80",,""
"Se_Star_Vesper_L_ScalingArmor","Rising Faith","ศรัทธาเพิ่มขึ้น","Gain 2 Armor each time you reach level 5, 10, 15, and 20.","ได้รับเกราะ 2 ทุกครั้งที่ถึงเลเวล 5, 10, 15 และ 20",,""
"Se_Star_Vesper_L_ScalingHealth","Marvelous Muscles","กล้ามเนื้อมหัศจรรย์","Increases Maximum Health by 15 each time you level up.","เพิ่มพลังชีวิตสูงสุด 15 ทุกครั้งที่เลเวลอัพ",,""
"Se_Star_Vesper_L_SlowSpeedMoreHealth","No Armor Is Too Thick","ไม่มีเกราะไหนหนักเกินไป","Reduces Movement Speed by 20%, but increases Maximum Health by 14%.","ลดความเร็วเคลื่อนที่ 20% แต่เพิ่มพลังชีวิตสูงสุด 14%",,""
"Se_Star_Yubar_D_APOnDodge","Singularity Reversal","การกลับด้านเอกฐาน","Casting Dodge grants 12% Ability Power for 2 seconds.","การใช้หลบให้พลังความสามารถ 12% เป็นเวลา 2 วินาที",,""
"Se_Star_Yubar_D_AbilityPower","Starry Sky Tapestry","ผ้าทอท้องฟ้าดาว","Increases Ability Power by 5.","เพิ่มพลังความสามารถ 5",,""
"Se_Star_Yubar_D_ADAPWithPenalty","Glass Cannon","ปืนใหญ่แก้ว","Gain 5 Attack Damage and 7 Ability Power, but your Maximum Health is reduced by 15%.","ได้รับความเสียหายโจมตี 5 และพลังความสามารถ 7 แต่พลังชีวิตสูงสุดลดลง 15%","His body is now nothing more than a fragile vessel. Of course, everyone who thought so has been reduced to a handful of dust.","ร่างกายของเขาตอนนี้ไม่ใช่อะไรนอกจากภาชนะเปราะบาง แน่นอนว่าทุกคนที่คิดอย่างนั้นถูกลดเหลือเพียงกำมือฝุ่น"
"Se_Star_Yubar_D_APPerLightSkill","Starlit Gaze","จ้องมองแสงดาว","Gain 2 Ability Power for each Light damage Memory you possess.","ได้รับพลังความสามารถ 2 ต่อความทรงจำความเสียหายแสงแต่ละอันที่คุณมี",,""
"Se_Star_Yubar_D_BonusDamageToLight","Starlit Eyes","ดวงตาแสงดาว","Increases all damage dealt to enemies with 5 or more stacks of Light by 10%.","เพิ่มความเสียหายทั้งหมดต่อศัตรูที่มีสแต็กแสง 5 หรือมากกว่า 10%",,""
"Se_Star_Yubar_D_ConvertADToAP","Eclipse","สุริยุปราง","Gain Ability Power equal to 25% of your Attack Damage.","ได้รับพลังความสามารถเท่ากับ 25% ของความเสียหายโจมตี",,""
"Se_Star_Yubar_D_ScalingAP","Dazzling Meteor","อุกกาบาตพราวตา","Gain 3 Ability Power each time you reach levels 5, 10, 15, and 20.","ได้รับพลังความสามารถ 3 ทุกครั้งที่ถึงเลเวล 5, 10, 15 และ 20",,""
"Se_Star_Yubar_D_SkillHaste","Stellar Flow","การไหลของดวงดาว","Increases Memory Haste by 5.","เพิ่มความเร็วความทรงจำ 5",,""
"Se_Star_Yubar_F_CC_DamageOverTime","Burning Meteor","อุกกาบาตลุกโชน","The impact site of Cataclysm's meteor burns, dealing 100% of the meteor's damage to enemies over 2 seconds.","จุดกระทบของอุกกาบาตหายนะลุกไหม้ สร้างความเสียหาย 100% ของอุกกาบาตต่อศัตรูตลอด 2 วินาที",,""
"Se_Star_Yubar_F_CC_IncreaseAD","Choosing Violence","เลือกความรุนแรง","Cataclysm increases Yubar's Attack Damage and Attack Speed instead of Ability Power.","หายนะเพิ่มความเสียหายโจมตีและความเร็วโจมตีของยูบาร์แทนพลังความสามารถ","He seems slightly irritated by mortals who keep confusing his gender.","เขาดูเหมือนจะรำคาญเล็กน้อยกับมนุษย์ที่สับสนเรื่องเพศของเขาอยู่เรื่อยๆ"
"Se_Star_Yubar_F_CC_LongerDuration","Power Focus","มุ่งเน้นพลัง","Cataclysm's duration is increased by 50%.","ระยะเวลาของหายนะเพิ่มขึ้น 50%",,""
"Se_Star_Yubar_F_EI_AutoExplosion","Unstable Ether","อีเธอร์ไม่เสถียร","Ether's Influence's explosion damage is reduced by 60% and can no longer be detonated manually, but it now explodes automatically on hit.","ความเสียหายระเบิดของอิทธิพลอีเธอร์ลดลง 60% และไม่สามารถจุดระเบิดด้วยตนเองได้อีกต่อไป แต่ตอนนี้ระเบิดอัตโนมัติเมื่อโดน",,""
"Se_Star_Yubar_F_EI_BiggerExplosion","Explosive Confidence","ความมั่นใจระเบิด","Ether's Influence's explosion radius is increased by 25%.","รัศมีระเบิดของอิทธิพลอีเธอร์เพิ่มขึ้น 25%",,""
"Se_Star_Yubar_F_EI_NoRootMoreDamage","Flow Reversal","การกลับด้านการไหล","Ether's Influence no longer roots enemies but its explosion damage is increased by 50%.","อิทธิพลอีเธอร์ไม่ตรึงศัตรูอีกต่อไป แต่ความเสียหายระเบิดเพิ่มขึ้น 50%",,""
"Se_Star_Yubar_F_SN_Artillery","Mortar","ปืนครก","Increases Supernova's cast range by 40% and explosion radius by 30%.","เพิ่มระยะใช้ของซูเปอร์โนวา 40% และรัศมีระเบิด 30%",,""
"Se_Star_Yubar_F_SN_AutoExplosion","Star Herding","เลี้ยงดาว","Supernova can no longer be manually detonated. Channeling is removed and it now automatically explodes when fully charged.","ซูเปอร์โนวาไม่สามารถจุดระเบิดด้วยตนเองได้อีกต่อไป การชาเนลถูกลบออกและตอนนี้ระเบิดอัตโนมัติเมื่อชาร์จเต็ม","Even without his attention, the stars grow fat on cosmic dust.","แม้ไม่มีความสนใจของเขา ดวงดาวก็อ้วนขึ้นด้วยฝุ่นจักรวาล"
"Se_Star_Yubar_F_SN_DodgeReset","Swift Casting","การใช้รวดเร็ว","Casting Supernova resets the cooldown of Dodge.","การใช้ซูเปอร์โนวารีเซ็ตคูลดาวน์ของการหลบ",,""
"Se_Star_Yubar_F_TQ_EssenceCooldown","Song of Stars","เพลงแห่งดวงดาว","Tranquility's cooldown is increased by 2 seconds, but it also reduces the cooldowns of all essences.","คูลดาวน์ของความสงบเพิ่มขึ้น 2 วินาที แต่ยังลดคูลดาวน์ของแก่นทั้งหมดด้วย",,""
"Se_Star_Yubar_F_TQ_LowerCooldownNoInvul","Flexible Thinking","ความคิดยืดหยุ่น","Tranquility's cooldown is reduced by 2 seconds, but instead of becoming Invulnerable, you gain a Barrier equal to 100% of your Maximum Health that lasts for the duration of the Invulnerability.","คูลดาวน์ของความสงบลดลง 2 วินาที แต่แทนที่จะกลายเป็นอมตะ คุณได้รับเกราะป้องกันเท่ากับ 100% ของพลังชีวิตสูงสุดที่คงอยู่ตลอดระยะเวลาของความเป็นอมตะ",,""
"Se_Star_Yubar_F_TQ_ReducedCooldownAndDuration","Light Heart","หัวใจเบา","Tranquility's cooldown is reduced by 4 seconds, but its Invulnerability duration is also reduced by 40%.","คูลดาวน์ของความสงบลดลง 4 วินาที แต่ระยะเวลาความเป็นอมตะก็ลดลง 40%",,""
"Se_Star_Yubar_I_DisintegrateDreamDust","Dream-born","เกิดจากความฝัน","When using the Shrine of Dismantling, gain additional Dream Dust equal to 50% of the Gold received as a reward.","เมื่อใช้ศาลเจ้าแห่งการรื้อถอน ได้รับฝุ่นความฝันเพิ่มเติมเท่ากับ 50% ของทองที่ได้รับเป็นรางวัล","Knowing the truth and facing it are different matters. How would it feel to see a fairy tale with your own story written in it?","การรู้ความจริงและการเผชิญหน้ากับมันเป็นคนละเรื่อง จะรู้สึกอย่างไรเมื่อเห็นนิทานที่มีเรื่องราวของคุณเองเขียนอยู่ในนั้น?"
"Se_Star_Yubar_I_MoreDreamDustWithPenalty","God in a Fairy Tale","เทพในนิทาน","Your Maximum Health is reduced by 10%, but you gain 10% increased Dream Dust from all sources.","พลังชีวิตสูงสุดลดลง 10% แต่คุณได้รับฝุ่นความฝันเพิ่มขึ้น 10% จากทุกแหล่ง",,""
"Se_Star_Yubar_I_StarCookie","Cookie Baker","นักทำคุกกี้","Defeating enemies has a 0.5% chance to create a Star Cookie. Star Cookies restore a small amount of Yubar's Health and grant a small amount of Gold and Dream Dust.","การเอาชนะศัตรูมีโอกาส 0.5% ที่จะสร้างคุกกี้ดาว คุกกี้ดาวฟื้นฟูพลังชีวิตของยูบาร์เล็กน้อยและให้ทองและฝุ่นความฝันเล็กน้อย","He burned through an astronomical number of stars in pursuit of the perfect star cookie.","เขาเผาดวงดาวจำนวนมหาศาลในการแสวงหาคุกกี้ดาวที่สมบูรณ์แบบ"
"Se_Star_Yubar_L_DodgeChargeWithLongerCooldown","Stellar Trace","ร่องรอยดวงดาว","Gain 1 additional charge for Dodge, but its cooldown is increased by 2 seconds.","ได้รับชาร์จเพิ่มเติม 1 สำหรับการหลบ แต่คูลดาวน์เพิ่มขึ้น 2 วินาที",,""
"Se_Star_Yubar_L_DodgeCooldownWithShorterRange","Peek-a-boo!","จ๊ะเอ๋!","Dodge's cooldown is reduced by 0.8 seconds, but its travel distance is reduced by 40%.","คูลดาวน์ของการหลบลดลง 0.8 วินาที แต่ระยะทางเดินทางลดลง 40%",,""
"Se_Star_Yubar_L_DodgeRange","Now You See Me","ตอนนี้เห็นฉันแล้ว","The travel distance of Dodge is increased by 33%.","ระยะทางเดินทางของการหลบเพิ่มขึ้น 33%",,""
