Key,Name_EN,Name_TH,Desc_EN,Desc_TH,RawDesc_EN,RawDesc_TH,Lore_EN,Lore_TH,Rarity,Tags,AchievementName_EN,AchievementName_TH,AchievementDesc_EN,AchievementDesc_TH
Gem_C_CamillasGiftRuined,Camilla's Gift (Broken),,This gem was destroyed after taking too much damage.,,This gem was destroyed after taking too much damage.,,,,Common,,,,,
Gem_C_Charcoal,Essence of Charcoal,,"When this Memory <color=yellow>hits</color> an enemy, it fires a charcoal shard, dealing <sprite=1><color=#16D7FF>60%</color><sprite=5> <color=yellow>damage</color>. If the target is already <color=yellow>burning</color>, it deals <sprite=1><color=#16D7FF>100%</color><sprite=5> <color=yellow>Fire damage</color> instead.",,"When this Memory <color=yellow>hits</color> an enemy, it fires a charcoal shard, dealing {0} <color=yellow>damage</color>. If the target is already <color=yellow>burning</color>, it deals {1} <color=yellow>Fire damage</color> instead.",,"A burnt lump once swallowed by soldiers in battle to cleanse their bodies of toxins.\n\nIn those desperate moments, it tasted like survival.",,Common,Fire,,,,
Gem_C_Confidence,Essence of Confidence,,Damage dealt by this Memory to nearby enemies is increased by 40%<sprite=5>.,,Damage dealt by this Memory to nearby enemies is increased by {0}.,,,,Common,Melee,,,,
Gem_C_Efficiency,Essence of Efficiency,,"This Memory gains 36<sprite=5> <color=yellow>Memory Haste</color>, reducing its <color=yellow>cooldown</color> by 26%<sprite=5>.",,"This Memory gains {0} <color=yellow>Memory Haste</color>, reducing its <color=yellow>cooldown</color> by {1}.",,,,Common,,,,,
Gem_C_Guidance,Essence of Guidance,,This Memory's <color=yellow>healing</color> is increased by 40%<sprite=5>. 30% of the excess healing from this Memory is converted into a <color=yellow>Barrier</color> that lasts for 2 seconds.,,This Memory's <color=yellow>healing</color> is increased by {0}. {1} of the excess healing from this Memory is converted into a <color=yellow>Barrier</color> that lasts for {2} seconds.,,"Who decides what life truly is?\nWe may be born from the imagination of someone nameless,\nbut that does not make our existence any less real.\n\nYou gave us life,\nyet dismiss us as nothing more than illusions.\n\nIf that is how it must be, O creator,\nthen I will, by my own will, become the guide for all of ""us.""",,Common,Heal;Shield,,,,
Gem_C_Lethality,Essence of Lethality,,This Memory's damage against enemies with 70% or more Health is increased by 60%<sprite=5>.,,This Memory's damage against enemies with {0} or more Health is increased by {1}.,,,,Common,,,,,
Gem_C_Love,Essence of Love,,"When this Memory <color=yellow>restores</color> <color=yellow>Health</color> or grants a <color=yellow>Barrier</color> to an ally, their <color=yellow>Movement Speed</color> and <color=yellow>Attack Speed</color> increase by 16%<sprite=5> for 2 seconds.The effect is reduced by 50% when applied to yourself.",,"When this Memory <color=yellow>restores</color> <color=yellow>Health</color> or grants a <color=yellow>Barrier</color> to an ally, their <color=yellow>Movement Speed</color> and <color=yellow>Attack Speed</color> increase by {0} for {1} seconds.The effect is reduced by {2} when applied to yourself.",,"Merely an illusion, you say?\n...\n\nIs all of this just a pointless fantasy?\n\n...\n...\nNo.\n\nMy light, my love, Kiara.\nEternal guide of my soul.\nIt cannot be so.\nA reality without you has no meaning.\n\nWho dares distinguish between illusion and reality?\nThat line...\nShall vanish today.",,Common,Heal;Shield;Attack;Mobility,,,,
Gem_C_Quicksilver,Essence of Quicksilver,,"<color=yellow>Casting</color> this Memory or dealing <color=yellow>Fire damage</color> with it increases <color=yellow>Movement Speed</color> by 30%<sprite=5>, gradually returning to normal over 2.5 seconds.",,"<color=yellow>Casting</color> this Memory or dealing <color=yellow>Fire damage</color> with it increases <color=yellow>Movement Speed</color> by {0}, gradually returning to normal over {1} seconds.",,Gotta Go Fast!,,Common,Fire;Mobility,,,,
Gem_C_Regeneration,Essence of Regeneration,,"If this Memory is <color=yellow>cast</color> <color=yellow>in combat</color>, it <color=yellow>restores</color> your Health by 41<sprite=5> over 7 seconds.",,"If this Memory is <color=yellow>cast</color> <color=yellow>in combat</color>, it <color=yellow>restores</color> your Health by {0} over {1} seconds.",,,,Common,Heal,,,,
Gem_C_Responsibility,Essence of Responsibility,,"Every 10 seconds, this Memory's <color=yellow>cast</color> is <color=yellow>empowered</color>. 1.2 seconds after the <color=yellow>empowered cast</color>, it deals <sprite=2><color=#FF8A2D>400%</color><sprite=5> <color=yellow>damage</color> divided among all enemies hit by that cast.",,"Every {0} seconds, this Memory's <color=yellow>cast</color> is <color=yellow>empowered</color>. {1} seconds after the <color=yellow>empowered cast</color>, it deals {2} <color=yellow>damage</color> divided among all enemies hit by that cast.",,,,Common,,,,,
Gem_C_Sharp,Essence of Sharpness,,<color=yellow>Casting</color> this Memory fires 5 arrows that deal <sprite=1><color=#16D7FF>90%</color><sprite=5> <color=yellow>damage</color> to random enemies.,,<color=yellow>Casting</color> this Memory fires {0} arrows that deal {1} <color=yellow>damage</color> to random enemies.,,,,Common,,,,,
Gem_C_Shatter,Essence of Shatter,,"Every 10 seconds, the <color=yellow>cast</color> of this Memory is <color=yellow>empowered</color>. Damage dealt to enemies by the <color=yellow>empowered cast</color> is increased by 40%<sprite=5>. If it deals <color=yellow>Light damage</color>, it is increased by 72%<sprite=5> instead.",,"Every {0} seconds, the <color=yellow>cast</color> of this Memory is <color=yellow>empowered</color>. Damage dealt to enemies by the <color=yellow>empowered cast</color> is increased by {1}. If it deals <color=yellow>Light damage</color>, it is increased by {2} instead.",,"As a collector of stories, I simply gather tales. My role and my destiny are to follow a predetermined path from beginning to end. Just as Sisyphus in the old legend came to love his boulder, I have accepted my fate as well.\n\nBut you have always been different. You refuse to let your story follow the path set out for you. Whenever I hear you say, ""Just because we were born this way does not mean we must live only that way,"" I feel a small crack forming in my storybook.\n\nDo not misunderstand. This crack is not unpleasant. In fact, it fascinates me. Among the countless stories racing toward their fixed endings, yours is the only one whose next page I cannot predict.\n\nI am eager to see what ending your stubborn defiance will bring. That final chapter may become the most treasured piece in my entire collection.",,Common,Light,,,,
Gem_C_Sulfur,Essence of Sulfur,,All <color=yellow>damage</color> dealt by this Memory is increased by 15%<sprite=5> and converted to <color=yellow>Fire damage</color>. Your Fire damage over time is increased by 50%<sprite=5>.,,All <color=yellow>damage</color> dealt by this Memory is increased by {0} and converted to <color=yellow>Fire damage</color>. Your Fire damage over time is increased by {1}.,,,,Common,Fire,,,,
Gem_C_Talc,Essence of Talc,,"Every 10 seconds, the <color=yellow>cast</color> of this Memory is <color=yellow>empowered</color>. The initial damage dealt to each enemy by the <color=yellow>empowered cast</color> is increased by <sprite=1><color=#16D7FF>400%</color><sprite=5>.",,"Every {0} seconds, the <color=yellow>cast</color> of this Memory is <color=yellow>empowered</color>. The initial damage dealt to each enemy by the <color=yellow>empowered cast</color> is increased by {1}.",,"An essence condensed from unripe chestnut shells and the thick chalkiness of chalk dust.\n\nThose who accept this concept can draw on its unpleasant power, but having to do so would truly be unfortunate.",,Common,,,,,
Gem_C_Vengeance,Essence of Vengeance,,"When you take any damage, fire 2 blades that deal <sprite=1><color=#16D7FF>102%</color><sprite=5> <color=yellow>damage</color> to nearby enemies. After taking damage, this Memory's <color=yellow>damage</color> and <color=yellow>healing</color> are increased by 34%<sprite=5> for 5 seconds.",,"When you take any damage, fire {0} blades that deal {1} <color=yellow>damage</color> to nearby enemies. After taking damage, this Memory's <color=yellow>damage</color> and <color=yellow>healing</color> are increased by {2} for {3} seconds.",,,,Rare,Heal,Taste of Their Own Medicine,,Defeat the Demon of the Forest by clawing it.,
Gem_C_Void,Essence of the Void,,"After casting this Memory, your next <color=yellow>attack</color> within 4 seconds explodes, dealing <sprite=2><color=#FF8A2D>150%</color><sprite=5> <color=yellow>Dark Damage</color> to the target and nearby enemies.",,"After casting this Memory, your next <color=yellow>attack</color> within {0} seconds explodes, dealing {1} <color=yellow>Dark Damage</color> to the target and nearby enemies.",,"At the tip of the hollow puppet's blade,\na faint dark energy gathers.\n\nIt is not preparation for the next strike.\nIt is merely a manifestation of emptiness,\nrevealing the nothingness within.\n\nParadoxically,\nthe puppet's sword cuts through enemies\nwith sharper, more explosive force.\n\nLike a fleeting struggle\ntoward a void that can never be filled.",,Common,Dark,,,,
Gem_C_Wind,Essence of Wind,,Casting this Memory increases <color=yellow>Attack Speed</color> by 33%<sprite=5> for 5 seconds.,,Casting this Memory increases <color=yellow>Attack Speed</color> by {0} for {1} seconds.,,,,Common,,,,,
Gem_E_Aftershock,Essence of Aftershock,,"<color=yellow>Casting</color> this Memory releases a delayed <color=yellow>shockwave</color> that deals <sprite=1><color=#16D7FF>200%</color><sprite=5> <color=yellow>Cold damage</color> to enemies around you and <color=yellow>stuns</color> them for 0.5 seconds.\nFor each enemy hit by this <color=yellow>shockwave</color>, you gain 4<sprite=5> <color=yellow>Armor</color>, up to a maximum of 22<sprite=5> <color=yellow>Armor</color>. When hitting a <color=yellow>boss</color>, you gain the maximum <color=yellow>Armor</color>. This Armor lasts until you <color=yellow>cast</color> this Memory again.",,"<color=yellow>Casting</color> this Memory releases a delayed <color=yellow>shockwave</color> that deals {0} <color=yellow>Cold damage</color> to enemies around you and <color=yellow>stuns</color> them for {1} seconds.\nFor each enemy hit by this <color=yellow>shockwave</color>, you gain {2} <color=yellow>Armor</color>, up to a maximum of {3} <color=yellow>Armor</color>. When hitting a <color=yellow>boss</color>, you gain the maximum <color=yellow>Armor</color>. This Armor lasts until you <color=yellow>cast</color> this Memory again.",,,,Epic,,,,,
Gem_E_Blossom,Essence of Blossoming,,"This Memory deals 70% less <color=yellow>damage</color> to enemies. When it deals <color=yellow>damage</color>, it <color=yellow>heals</color> a random nearby ally for 22%<sprite=5> of the <color=yellow>damage dealt</color>.",,"This Memory deals {0} less <color=yellow>damage</color> to enemies. When it deals <color=yellow>damage</color>, it <color=yellow>heals</color> a random nearby ally for {1} of the <color=yellow>damage dealt</color>.",,"Early dawn, and the rain is falling.\nIt reminds me of that day, when we bloomed flowers together.\n\nI wanted to create a pure white flower, like the quiet dawn.\nA child like a lantern, holding all the forest's order and tranquility.\n\nBut you, crouched beside me watching, suddenly grumbled.\nThen you carelessly scattered deep purple like a storm, and playfully painted over it with lightning-yellow.\n\nI scolded you, and you only laughed.\nI truly believed my perfect plan had been ruined by your chaos.\n\nBut the next morning, when we looked at that flower together...\nOver the pure white serenity, your riotous colors flowed like a living river.\n\nOnly then did I understand.\nYes, the forest's true beauty requires both my order and your chaos, intertwined.\nOnly then does it become complete.\n\n...\nThe rain... seeps into my mask.\nToday, more than ever, I wish I could see\nyour mischievous eyes again.",,Epic,Heal,Support Specialist,,Have 4 healing Active Memories at once.,
Gem_E_Clemency,Essence of Clemency,,<color=yellow>Restore</color> <color=yellow>your</color> Health for 4%<sprite=5> of the <color=yellow>damage</color> dealt by this Memory.,,<color=yellow>Restore</color> <color=yellow>your</color> Health for {0} of the <color=yellow>damage</color> dealt by this Memory.,,,,Epic,Heal,,,,
Gem_E_Crimson,Essence of Crimson,,"Every 4th <color=yellow>Basic Attack</color> becomes <color=yellow>empowered</color>, triggering a <color=yellow>Crimson Explosion</color> that deals <sprite=2><color=#FF8A2D>100%</color><sprite=5> <color=yellow>Dark Damage</color> to enemies. The explosion radius scales with your <color=yellow>Critical Strike Chance</color>.\nYou <color=yellow>restore</color> <sprite=2><color=#FF8A2D>22%</color><sprite=5> Health for each enemy hit by the explosion, increased by 100% if the target is a <color=yellow>Boss</color>.",,"Every 4th <color=yellow>Basic Attack</color> becomes <color=yellow>empowered</color>, triggering a <color=yellow>Crimson Explosion</color> that deals {0} <color=yellow>Dark Damage</color> to enemies. The explosion radius scales with your <color=yellow>Critical Strike Chance</color>.\nYou <color=yellow>restore</color> {1} Health for each enemy hit by the explosion, increased by {2} if the target is a <color=yellow>Boss</color>.",,"I opened my eyes. The trance had ended.\nEvery joint in my body creaks and groans, yet I feel no pain.\n\nFragments of memory drift across my hazy consciousness.\nThe Puppeteer. The client. And the failed contract...\nThese faint pieces come together at... my master's familiar estate.\n\nRed. Everything is red.\nWhat's this at my feet? Ah, it was a person.\n\nCrimson.\n\nDid I create this? This sea of red?\nIndeed, a mountain of corpses in an ocean of blood...\n\nBut why?\nWhy does my heart remain still, without a single ripple?",,Epic,Dark;Attack,In Carnage I Bloom,,Empower Memories that deal Dark damage 20 times in a single adventure.,
Gem_E_Direness,Essence of Direness,,"The lower your <color=yellow>Health</color>, the shorter the <color=yellow>cooldown</color> of this Memory. When your <color=yellow>Health</color> is at 30%, the <color=yellow>cooldown</color> is reduced by up to 55%<sprite=5>.",,"The lower your <color=yellow>Health</color>, the shorter the <color=yellow>cooldown</color> of this Memory. When your <color=yellow>Health</color> is at {0}, the <color=yellow>cooldown</color> is reduced by up to {1}.",,"How am I still alive...?\n\n...\n\nI was definitely locked up in the Order's prison.\n...Those Lucid bastards had set a trap.\nThat was my mistake.\nI was too hasty.\n\nIt's strange.\nMy breastplate was shattered, and I was sure at least two of my ribs were broken...\nBut I feel fine. No, I actually feel stronger.\n\nWhere am I? Is this some kind of magic...?\n\n...\nIt's faint, but I can sense it.\nAstrid, my sister...\nI won't let myself slip up again.\n\nJust wait for me. I'm coming.",,Epic,,Desperate Hero,,Defeat 30 enemies in a row while your Health is below 40%.,
Gem_E_Domination,Essence of Domination,,"Increases <color=yellow>Critical Strike Chance</color> by 20%. Each time you land a critical strike on an enemy, your <color=yellow>Critical Strike Damage</color> increases by 0.3%, stacking up to 20%<sprite=5>. ",,"Increases <color=yellow>Critical Strike Chance</color> by {0}. Each time you land a critical strike on an enemy, your <color=yellow>Critical Strike Damage</color> increases by {1}, stacking up to {2}. ",,,,Epic,,,,,
Gem_E_Fangs,Essence of Fangs,,"Every 4th <color=yellow>basic attack</color> is a <color=yellow>critical strike</color>. When you land a <color=yellow>critical strike</color>, this Memory's <color=yellow>cooldown</color> is reduced by 0.7<sprite=5> seconds and launches 2 <color=yellow>Fangs</color> at nearby enemies, each dealing <sprite=2><color=#FF8A2D>60%</color><sprite=5> <color=yellow>damage</color>.",,"Every 4th <color=yellow>basic attack</color> is a <color=yellow>critical strike</color>. When you land a <color=yellow>critical strike</color>, this Memory's <color=yellow>cooldown</color> is reduced by {0} seconds and launches 2 <color=yellow>Fangs</color> at nearby enemies, each dealing {1} <color=yellow>damage</color>.",,,,Epic,,They're Just Big Cats,,Land a finishing blow on Thunder Tigers with lightning 25 times.,
Gem_E_Fever,Essence of Fever,,"When this Memory deals <color=yellow>Fire damage</color> to an enemy, it infects them with <color=yellow>Fever</color>. Enemies infected with <color=yellow>Fever</color> explode after 2 seconds, dealing <sprite=1><color=#16D7FF>130%</color><sprite=5> <color=yellow>Fire damage</color> to themselves and nearby enemies. For each <color=yellow>Fire stack</color> on the target, the explosion radius increases by 30% and explosion damage increases by 10%.",,"When this Memory deals <color=yellow>Fire damage</color> to an enemy, it infects them with <color=yellow>Fever</color>. Enemies infected with <color=yellow>Fever</color> explode after {0} seconds, dealing {1} <color=yellow>Fire damage</color> to themselves and nearby enemies. For each <color=yellow>Fire stack</color> on the target, the explosion radius increases by {2} and explosion damage increases by {3}.",,,,Epic,Fire,,,,
Gem_E_Flexibility,Essence of Flexibility,,"While this Memory is on <color=yellow>cooldown</color>, 37%<sprite=5> of damage taken is <color=yellow>split</color> over 4 seconds. This <color=yellow>split</color> damage is reduced by 20%.",,"While this Memory is on <color=yellow>cooldown</color>, {0} of damage taken is <color=yellow>split</color> over {1} seconds. This <color=yellow>split</color> damage is reduced by {2}.",,,,Epic,,Flexible Diet,,"During a single adventure, let your Health fall below 40% and then bring it back up to at least 75% 10 times.",
Gem_E_Insensitivity,Essence of Insensitivity,,"<color=yellow>Casting</color> this Memory drops a <color=yellow>bomb</color> for every 2m you travel over the next 3 seconds. Each bomb explodes after a brief delay, dealing <sprite=1><color=#16D7FF>140%</color><sprite=5> <color=yellow>Fire damage</color> to enemies.",,"<color=yellow>Casting</color> this Memory drops a <color=yellow>bomb</color> for every {0}m you travel over the next {1} seconds. Each bomb explodes after a brief delay, dealing {2} <color=yellow>Fire damage</color> to enemies.",,,,Epic,Fire,,,,
Gem_E_Insight,Essence of Insight,,"When this Memory deals any <color=yellow>damage</color> to an enemy, it deals an additional <sprite=1><color=#16D7FF>200%</color><sprite=5> <color=yellow>Light damage</color> to up to 3<sprite=5> enemies and increases <color=yellow>Memory Haste</color> by 20<sprite=5> for 5 seconds. Can only trigger once every 3 seconds.",,"When this Memory deals any <color=yellow>damage</color> to an enemy, it deals an additional {0} <color=yellow>Light damage</color> to up to {1} enemies and increases <color=yellow>Memory Haste</color> by {2} for {3} seconds. Can only trigger once every {4} seconds.",,,,Epic,Light,Ultra Rapid Fire,,Cast 12 Memories within 8 seconds.,
Gem_E_Inversion,Essence of Inversion,,"This Memory's <color=yellow>cooldown</color> increases by 15%<sprite=5>, but it also deals 20%<sprite=5> more <color=yellow>damage</color> to enemies. Its <color=yellow>elemental damage</color> is <color=yellow>inverted</color> (Fire/Cold, Light/Dark).",,"This Memory's <color=yellow>cooldown</color> increases by {0}, but it also deals {1} more <color=yellow>damage</color> to enemies. Its <color=yellow>elemental damage</color> is <color=yellow>inverted</color> (Fire/Cold, Light/Dark).",,,,Epic,,Introduction to Elements,,Defeat enemies affected by all 4 elements 70 times.,
Gem_E_Metal,Essence of Metal,,"When you <color=yellow>kill</color> an enemy, the <color=yellow>cooldown</color> of this Memory is <color=yellow>reduced</color> by 1<sprite=5> seconds.",,"When you <color=yellow>kill</color> an enemy, the <color=yellow>cooldown</color> of this Memory is <color=yellow>reduced</color> by {0} seconds.",,"At the girl's feet, paint shimmered in all colors of the rainbow.\n\nThe same lovely shade as the roses Mrs. Maria next door used to grow,\nthis paint, it smells like metal—just like me!\n\nUrged on by the girl, the book hurriedly wrote the next story using that paint as ink.\n\nStrangely enough, this ink dried unusually fast,\nso the book had to turn to the next page without a moment's rest.",,Epic,,,,,
Gem_E_Might,Essence of the Giant,,Increases Maximum Health by 260<sprite=5>. This Memory's damage increases by 1% for every 50 points of your <color=yellow>Maximum Health</color>.,,Increases Maximum Health by {0}. This Memory's damage increases by {1} for every {2} points of your <color=yellow>Maximum Health</color>.,,,,Epic,,Heavier than Atlas,,"Reach 3,000 Maximum Health.",
Gem_E_Obsidian,Essence of Obsidian,,<color=yellow>Casting</color> this Memory <color=yellow>empowers</color> your next attack within 5 seconds. The <color=yellow>empowered attack</color> deals <sprite=2><color=#FF8A2D>250%</color><sprite=5> <color=yellow>Dark Damage</color> to the target and reduces this Memory's <color=yellow>cooldown</color> by 1<sprite=5> seconds.,,<color=yellow>Casting</color> this Memory <color=yellow>empowers</color> your next attack within {0} seconds. The <color=yellow>empowered attack</color> deals {1} <color=yellow>Dark Damage</color> to the target and reduces this Memory's <color=yellow>cooldown</color> by {2} seconds.,,,,Epic,Dark;Attack,Mine and Craft,,Destroy 3 Pitch-Black Ore.,
Gem_E_Omega,Essence of Finality,,"While this Memory is not on <color=yellow>cooldown</color>, gain stacks of <color=yellow>Finality</color> every second up to 20 stacks. When stacks are present, this Memory's <color=yellow>cast</color> is <color=yellow>empowered</color>, increasing <color=yellow>damage</color> by 5%<sprite=5> per stack.",,"While this Memory is not on <color=yellow>cooldown</color>, gain stacks of <color=yellow>Finality</color> every second up to {0} stacks. When stacks are present, this Memory's <color=yellow>cast</color> is <color=yellow>empowered</color>, increasing <color=yellow>damage</color> by {1} per stack.",,,,Epic,,Omega Point,,Enter the Pure White Dream while having cast only one type of Memory during a single adventure.,
Gem_E_Opportunity,Essence of Opportunity,,<color=yellow>Casting</color> this Memory reduces the <color=yellow>cooldown</color> of your <color=yellow>Dodge</color> by 3<sprite=5> seconds. Can only trigger once every 8 seconds.,,<color=yellow>Casting</color> this Memory reduces the <color=yellow>cooldown</color> of your <color=yellow>Dodge</color> by {0} seconds. Can only trigger once every {1} seconds.,,,,Epic,Mobility,,,,
Gem_E_OurStory_Completed,Our Story (Completed!),,"Increases <color=yellow>Attack Damage</color> and <color=yellow>Ability Power</color> by 0, and the effects of all buffs from <color=yellow>Distorting Rush</color> by 0.",,"Increases <color=yellow>Attack Damage</color> and <color=yellow>Ability Power</color> by {0}, and the effects of all buffs from <color=yellow>Distorting Rush</color> by {1}.",,,,Epic,,,,,
Gem_E_OurStory_Unfinished,Our Story (Work in Progress),,Quality increases by 50% every time you <color=yellow>defeat</color> 75 enemies. It becomes <color=yellow>completed</color> when quality reaches 500%.,,Quality increases by {0} every time you <color=yellow>defeat</color> {1} enemies. It becomes <color=yellow>completed</color> when quality reaches {2}.,,,,Epic,,,,,
Gem_E_Overload,Essence of Overload,,"When you <color=yellow>cast</color> this Memory, <color=yellow>sacrifice</color> 20% of your current Health to <color=yellow>empower</color> the <color=yellow>cast</color>. The <color=yellow>damage</color> and <color=yellow>healing</color> dealt by the <color=yellow>empowered cast</color> are increased by 45%<sprite=5>.",,"When you <color=yellow>cast</color> this Memory, <color=yellow>sacrifice</color> {0} of your current Health to <color=yellow>empower</color> the <color=yellow>cast</color>. The <color=yellow>damage</color> and <color=yellow>healing</color> dealt by the <color=yellow>empowered cast</color> are increased by {1}.",,"Every time I reflect on this concept, I feel my body and mind being engulfed in flames.\n\nThe scales on the affected areas crumble easily, radiating an intense heat. When I gather the golden dust from certain parts, it shines brilliantly and feels incredibly fine to the touch.\n\nMagic unfolds through the power of dreams, and when this dust is added, the reaction becomes even more explosive. Just a light sprinkle left a large scorch mark on the ceiling.\n\nI should document the results of this experiment, but I'm too drained. This concept seems to inflict a heavy mental toll.\n\nI suspect it's connected to the power I encountered before. It's fascinating, indeed. More research is needed to uncover the source of this power. Perhaps a field study is needed.",,Epic,Heal,Reap What You Sow,,Activate the Shrine of Dismantling 12 times.,
Gem_E_Pain,Essence of Pain,,All <color=yellow>damage</color> dealt by this Memory deals 40%<sprite=5> <color=yellow>Area damage</color> around the target. This <color=yellow>Area damage</color> shares the elemental type with the original damage.,,All <color=yellow>damage</color> dealt by this Memory deals {0} <color=yellow>Area damage</color> around the target. This <color=yellow>Area damage</color> shares the elemental type with the original damage.,,"Do not blaspheme. I am not a lunatic who revels in inflicting pain. Yet, I cannot overlook those who defy divine authority.\n\nFor the one who watches over us from above,\n\nI will, rightfully and with honor, sear your skin and carve your flesh.",,Epic,,,,,
Gem_E_Predation,Essence of Predation,,"This Memory deals 60%<sprite=5> increased damage to <color=yellow>Bosses</color> and <color=yellow>Hunters</color>. Defeating a <color=yellow>Hunter</color> drops 1 <color=yellow>Orbs of Power</color>, while defeating a <color=yellow>Boss</color> drops 3. When you collect an <color=yellow>Orb of Power</color>, either <color=yellow>Attack Damage</color> or <color=yellow>Ability Power</color> permanently increases by 1 at random.",,"This Memory deals {0} increased damage to <color=yellow>Bosses</color> and <color=yellow>Hunters</color>. Defeating a <color=yellow>Hunter</color> drops {1} <color=yellow>Orbs of Power</color>, while defeating a <color=yellow>Boss</color> drops {2}. When you collect an <color=yellow>Orb of Power</color>, either <color=yellow>Attack Damage</color> or <color=yellow>Ability Power</color> permanently increases by 1 at random.",,"Hungry... always.\nMy nest is a mountain of bones.\nFlesh... prey... not enough.\n\nBut... something new. Came.\nSmell of flesh. Smell of fear.\n\nCrush bones. Tear flesh. Swallow screams.\nThis is my work. This is... Lord Primus's pleasure.\n\nYou too... become bones.\nPart of my nest.\nLord Primus's... beautiful landscape.\n\nKik, kikikik.",,Epic,,Who's the Prey Now,,Defeat 70 Hunters.,
Gem_E_Protection,Essence of Protection,,"<color=yellow>Casting</color> this Memory grants 40<sprite=5> <color=yellow>Armor</color> for 3 seconds, reducing damage taken and making you <color=yellow>Unstoppable</color>. Can only trigger once every 5 seconds.",,"<color=yellow>Casting</color> this Memory grants {0} <color=yellow>Armor</color> for {1} seconds, reducing damage taken and making you <color=yellow>Unstoppable</color>. Can only trigger once every {2} seconds.",,,,Epic,,Iron Body,,Gain a Barrier equal to or greater than 300% of your Maximum Health.,
Gem_E_Reflex,Essence of Reflex,,"When you take any <color=yellow>damage</color>, unleash cold toward the nearest enemy, dealing <sprite=1><color=#16D7FF>120%</color><sprite=5> <color=yellow>Cold Damage</color> and knocking them back, then increase your <color=yellow>Armor</color> by 40<sprite=5> for 1.5 seconds.",,"When you take any <color=yellow>damage</color>, unleash cold toward the nearest enemy, dealing {0} <color=yellow>Cold Damage</color> and knocking them back, then increase your <color=yellow>Armor</color> by {1} for {2} seconds.",,,,Epic,Cold,,,,
Gem_E_Thunder,Essence of Thunder,,"<color=yellow>Casting</color> <color=yellow>another Memory</color> or using <color=yellow>Dodge</color> grants 1 <color=yellow>Thunder</color> stack, up to 7<sprite=5> times. <color=yellow>Casting</color> this Memory consumes all <color=yellow>Thunder</color> stacks, calling down lightning on nearby enemies once for each stack. Each lightning deals <sprite=1><color=#16D7FF>117%</color><sprite=5> <color=yellow>Light damage</color>.",,"<color=yellow>Casting</color> <color=yellow>another Memory</color> or using <color=yellow>Dodge</color> grants 1 <color=yellow>Thunder</color> stack, up to {0} times. <color=yellow>Casting</color> this Memory consumes all <color=yellow>Thunder</color> stacks, calling down lightning on nearby enemies once for each stack. Each lightning deals {1} <color=yellow>Light damage</color>.",,,,Epic,Light,,,,
Gem_E_Twilight,Essence of Twilight,,"Your <color=yellow>basic attacks</color> are converted to <color=yellow>Dark damage</color>. When this Memory deals damage to an enemy with 3 or more <color=yellow>Dark stacks</color>, consumes all stacks to deal <sprite=1><color=#16D7FF>54%</color><sprite=5> <color=yellow>damage</color> per stack and <color=yellow>heal</color> for 6<sprite=5> per stack.",,"Your <color=yellow>basic attacks</color> are converted to <color=yellow>Dark damage</color>. When this Memory deals damage to an enemy with {0} or more <color=yellow>Dark stacks</color>, consumes all stacks to deal {1} <color=yellow>damage</color> per stack and <color=yellow>heal</color> for {2} per stack.",,,,Epic,Dark,,,,
Gem_E_Umbra,Essence of Umbra,,"This memory's damage is increased by 42%<sprite=5> of your <color=yellow>Critical Strike Chance</color>. If the <color=yellow>Damage</color> is <color=yellow>Dark Damage</color>, <color=yellow>Restore</color> 6%<sprite=5> of the damage dealt as <color=yellow>Health</color>.",,"This memory's damage is increased by {0} of your <color=yellow>Critical Strike Chance</color>. If the <color=yellow>Damage</color> is <color=yellow>Dark Damage</color>, <color=yellow>Restore</color> {1} of the damage dealt as <color=yellow>Health</color>.",,,,Epic,Heal,,,,
Gem_E_Virtuousness,Essence of Virtue,,The number of charges for this Memory increases by 1<sprite=5>. Each 150% increase in quality raises the number of charges by 1.,,The number of charges for this Memory increases by {0}. Each {1} increase in quality raises the number of charges by 1.,,"People are dying. Monsters and spirits that once existed only in legends and imagination have crossed into our world, burning villages and destroying lives.\n\nOf all times, it had to be when Lady Camilla and my sister are away...\n\nWe can hold out for now, but what if the rumors are true? What if someone's imagination has really become reality?\nAnd what if someone imagined something even more terrible than what we're facing now...?\n\nIt's only a matter of time.\nAre we supposed to sit here and wait for this inevitable disaster?\n\n...\n\nYesterday, I managed to infuse my sister's saber and my dagger with the power of dreams.\nNow I just need information.\n\nI know someone who can help me.\nThe Lucid Sect... unsettling as they are, they're probably my best option.",,Epic,,,,,
Gem_L_CamillasGift,Camilla's Gift,,Can be <color=yellow>sold</color> at the shop for 0 Gold. The <color=yellow>price</color> <color=yellow>increases</color> by 0 each time you move to a next world. It breaks if your Health drops below 50% from enemy damage.,,Can be <color=yellow>sold</color> at the shop for {0} Gold. The <color=yellow>price</color> <color=yellow>increases</color> by {1} each time you move to a next world. It breaks if your Health drops below {2} from enemy damage.,,,,Legendary,,,,,
Gem_L_ChaosApple,Apple of Discord,,"Each time you <color=yellow>move</color> through a <color=yellow>Rift</color>, this Memory is temporarily <color=yellow>transformed</color> into a different random Memory. The <color=yellow>transformed</color> Memory has no <color=yellow>cooldown</color>, but can only be <color=yellow>cast</color> 4<sprite=5> times per room, and returns to the original Memory when all casts are used.",,"Each time you <color=yellow>move</color> through a <color=yellow>Rift</color>, this Memory is temporarily <color=yellow>transformed</color> into a different random Memory. The <color=yellow>transformed</color> Memory has no <color=yellow>cooldown</color>, but can only be <color=yellow>cast</color> {0} times per room, and returns to the original Memory when all casts are used.",,,,Legendary,,Chaotic Good,,Use Legendary Chaos a total of 5 times.,
Gem_L_DivineFaith,Divine Faith,,"Each time you <color=yellow>kill</color> an enemy with this Memory, gain a stack of <color=yellow>Faith</color> up to 75<sprite=5> stacks. For each stack of <color=yellow>Faith</color>, this Memory's <color=yellow>damage</color> to enemies and <color=yellow>healing</color> to allies increases by 0.5%, and your Maximum Health increases by 4.",,"Each time you <color=yellow>kill</color> an enemy with this Memory, gain a stack of <color=yellow>Faith</color> up to {0} stacks. For each stack of <color=yellow>Faith</color>, this Memory's <color=yellow>damage</color> to enemies and <color=yellow>healing</color> to allies increases by {1}, and your Maximum Health increases by {2}.",,"Ignorant and irreverent souls who worship a false god and cling to heretical doctrines. Your blasphemy shall be tolerated no longer.\n\nMy mace is the instrument of truth, and my knights bear the calling of the divine. Upon the faithless, judgment shall be delivered.\n\nTomorrow, the flames of purification shall consume you. Nowhere in this world shall even a trace of their breath remain.\n\nAll shall unfold according to the will of El'pyros, Lord of All Creation...",,Legendary,,God Protects Me,,"In a single adventure, visit locations occupied by Hunters 4 times while having a Hunt Threat Level of 5.",
Gem_L_Embertail,Embertail,,"Your <color=yellow>attacks</color> ricochet to deal <sprite=1><color=#16D7FF>100%</color><sprite=5> <color=yellow>Fire damage</color> to a nearby enemy. For each nearby enemy engulfed in flames, this Memory's <color=yellow>damage</color> and <color=yellow>healing</color> are increased by 8%<sprite=5> and its <color=yellow>cooldown</color> is reduced by 8%<sprite=5>. Your Fire damage over time is increased by 100%.",,"Your <color=yellow>attacks</color> ricochet to deal {0} <color=yellow>Fire damage</color> to a nearby enemy. For each nearby enemy engulfed in flames, this Memory's <color=yellow>damage</color> and <color=yellow>healing</color> are increased by {1} and its <color=yellow>cooldown</color> is reduced by {2}. Your Fire damage over time is increased by {3}.",,"Master of Dreams ...\n\nPlease revive ...\n\n...\n\n... please ...\n\n...\n\n... erase ...\n\n...\n\nThat would be enough.",,Legendary,Fire;Attack,,,,
Gem_L_HeartOfGold,Heart of Gold,,"<color=yellow>Casting</color> this Memory consumes 3% of your Gold to <color=yellow>empower</color> the cast. <color=yellow>Damage</color> and <color=yellow>healing</color> from the <color=yellow>empowered cast</color> increase by 12%<sprite=5> for every 100 Gold you have.\n",,"<color=yellow>Casting</color> this Memory consumes {0} of your Gold to <color=yellow>empower</color> the cast. <color=yellow>Damage</color> and <color=yellow>healing</color> from the <color=yellow>empowered cast</color> increase by {1} for every 100 Gold you have.\n",,,,Legendary,Heal,Midas Incarnate,,"Possess 6,000 Gold.",
Gem_L_MetalCrystal,Metallic Crystal,,The parts exposed to light glow with surreal colors.,,The parts exposed to light glow with surreal colors.,,,,Legendary,,,,,
Gem_L_Paranoia,Essence of Paranoia,,"When you take any <color=yellow>damage</color>, this Memory gains 150<sprite=5> <color=yellow>Memory Haste</color> for 6 seconds, reducing its <color=yellow>cooldown</color> by 60%<sprite=5>, but it is <color=yellow>automatically cast</color> on nearby enemies.",,"When you take any <color=yellow>damage</color>, this Memory gains {0} <color=yellow>Memory Haste</color> for {1} seconds, reducing its <color=yellow>cooldown</color> by {2}, but it is <color=yellow>automatically cast</color> on nearby enemies.",,,,Legendary,,,,,
Gem_L_Perfect,Perfection,,"Increases Attack Damage by 7<sprite=5>, Ability Power by 7<sprite=5>, Maximum Health by 35<sprite=5>, Attack Speed by 10%<sprite=5>, Critical Strike Chance by 6%<sprite=5>, and Memory Haste by 10<sprite=5>.",,"Increases Attack Damage by {0}, Ability Power by {1}, Maximum Health by {2}, Attack Speed by {3}, Critical Strike Chance by {4}, and Memory Haste by {5}.",,"Others once worshipped me as a god.\nYes, there was a time I truly believed I was omnipotent here.\n\nI was reunited with the family I missed so dearly,\nand everything I had imagined or dreamed came so easily.\n\nIt was perfect...\nNo, I only believed it was perfect.\n\nA dream, in the end, is still just a dream.\nMy omnipotence was, in truth, no different from helplessness.\n\nReality is not a realm of inevitability.\nThis place... is nothing but an illusion.",,Legendary,,,,,
Gem_L_PureWhite,Pure White,,"Every 10 seconds, the <color=yellow>cast</color> of this Memory is <color=yellow>empowered</color>. The <color=yellow>empowered cast</color> fires 3 <color=yellow>projectiles</color>, dealing <color=yellow>Light damage</color> equal to 20%<sprite=5> of the initial <color=yellow>damage</color> dealt to each enemy. The number of shots increases by the number of <color=yellow>Light stacks</color> on each target.",,"Every {0} seconds, the <color=yellow>cast</color> of this Memory is <color=yellow>empowered</color>. The <color=yellow>empowered cast</color> fires {1} <color=yellow>projectiles</color>, dealing <color=yellow>Light damage</color> equal to {2} of the initial <color=yellow>damage</color> dealt to each enemy. The number of shots increases by the number of <color=yellow>Light stacks</color> on each target.",,"People who have experienced ""Molting"" all describe their dreamscapes in unique ways.\n\nSome witnessed endless tables piled with meat on silverware, others encountered long-lost relatives, and some found themselves in gardens filled with mood-lifting teas and fragrant roses.\n\nYet no one has ever truly eaten their fill of that dream food or brought their missing loved ones back to reality.\n\nOur bodies stay firmly in the waking world. Dreams are just brief visits our minds make to the other side. We always wake with empty hands.\n\nThat's when the Lucid Sect stumbled onto something incredible.\n\nWe can now enter dreams ourselves—in the flesh.",,Legendary,Light,Empty Canvas,,Enter the Pure White Dream 2 times in total.,
Gem_L_SolarEye,Eye of the Sun,,"Every 20 seconds, this Memory's <color=yellow>cast</color> is <color=yellow>empowered</color>, raining <color=yellow>Solar Light</color> on all nearby enemies who are <color=yellow>burning</color>. <color=yellow>Solar Light</color> deals <sprite=1><color=#16D7FF>360%</color><sprite=5> <color=yellow>Fire damage</color> over 1.5 seconds and increases <color=yellow>Burn</color> stacks by 9<sprite=5>. Increases your Fire damage over time by 100%.",,"Every {0} seconds, this Memory's <color=yellow>cast</color> is <color=yellow>empowered</color>, raining <color=yellow>Solar Light</color> on all nearby enemies who are <color=yellow>burning</color>. <color=yellow>Solar Light</color> deals {1} <color=yellow>Fire damage</color> over {2} seconds and increases <color=yellow>Burn</color> stacks by {3}. Increases your Fire damage over time by {4}.",,,,Legendary,Fire,Praise the Sun!,,"Apply a total of 3,000 Fire stacks to enemies.",
Gem_L_SuppressedArcanum,Suppressed Arcanum,,"<color=yellow>Casting</color> this Memory sacrifices 5% of your current Health to create a <color=yellow>Golden Explosion</color>. Enemies caught in the <color=yellow>explosion</color> take <sprite=1><color=#16D7FF>240%</color><sprite=5> <color=yellow>Light damage</color>, while allies receive a <color=yellow>Barrier</color> of <sprite=1><color=#16D7FF>61%</color><sprite=5> that lasts 2.5 seconds. If your Health is below 60%, the <color=yellow>Barrier amount</color> of this Memory increases by 50%.",,"<color=yellow>Casting</color> this Memory sacrifices {0} of your current Health to create a <color=yellow>Golden Explosion</color>. Enemies caught in the <color=yellow>explosion</color> take {1} <color=yellow>Light damage</color>, while allies receive a <color=yellow>Barrier</color> of {2} that lasts {3} seconds. If your Health is below {4}, the <color=yellow>Barrier amount</color> of this Memory increases by {5}.",,,,Legendary,Light;Shield,,,,
Gem_R_Abyss,Essence of the Abyss,,"Converts all <color=yellow>Damage</color> dealt by this memory to <color=yellow>Dark Damage</color>. If the target hit by this memory has 3 or more stacks of <color=yellow>Darkness</color>, triggers <color=yellow>Attack Effects</color> with a 43%<sprite=5> chance.",,"Converts all <color=yellow>Damage</color> dealt by this memory to <color=yellow>Dark Damage</color>. If the target hit by this memory has {0} or more stacks of <color=yellow>Darkness</color>, triggers <color=yellow>Attack Effects</color> with a {1} chance.",,,,Rare,Dark;Attack,,,,
Gem_R_Accuracy,Essence of Accuracy,,"When this Memory deals <color=yellow>damage</color> to a distant enemy, it fires an <color=yellow>additional projectile</color> that deals 50%<sprite=5> <color=yellow>damage</color>. The <color=yellow>damage</color> dealt by the <color=yellow>projectile</color> shares the elemental type with the original damage.",,"When this Memory deals <color=yellow>damage</color> to a distant enemy, it fires an <color=yellow>additional projectile</color> that deals {0} <color=yellow>damage</color>. The <color=yellow>damage</color> dealt by the <color=yellow>projectile</color> shares the elemental type with the original damage.",,,,Rare,,Shoot for the Moon,,Land 80 finishing blows on enemies from an extreme distance.,
Gem_R_Adventure,Essence of Adventure,,"Whenever you <color=yellow>move</color> to a <color=yellow>new place</color>, <color=yellow>increase</color> the <color=yellow>quality</color> of another <color=yellow>Essence</color> equipped to this Memory by +10% and gain 19<sprite=5> Gold.",,"Whenever you <color=yellow>move</color> to a <color=yellow>new place</color>, <color=yellow>increase</color> the <color=yellow>quality</color> of another <color=yellow>Essence</color> equipped to this Memory by +{0} and gain {1} Gold.",,"To the girl, adventure is the thrilling act of filling blank pages.\nWith each step she takes, a new sentence is written, a new character appears.\n\nToday, too, the girl shared her bright smile with a sad-looking mother bear.\nThe bear then shattered into pieces,\nbecoming a swarm of shimmering blue butterflies that thanked the girl.\n\nEvery day, the girl spends such rewarding moments.",,Rare,,Novice Treasure Hunter,,Open a treasure chest for the first time.,
Gem_R_Blade,Essence of the Blade,,"Each time this Memory <color=yellow>hits</color> an enemy, it summons blades that lacerate the target for <sprite=2><color=#FF8A2D>58%</color><sprite=5> damage 3<sprite=5> times. Can only trigger once every 2 seconds for each enemy.",,"Each time this Memory <color=yellow>hits</color> an enemy, it summons blades that lacerate the target for {0} damage {1} times. Can only trigger once every {2} seconds for each enemy.",,,,Rare,,,,,
Gem_R_Bleak,Essence of Bleakness,,"This Memory deals 50%<sprite=5> increased damage to enemies affected by <color=yellow>Cold, <color=yellow>slow</color>, <color=yellow>root</color>, or <color=yellow>stun</color>.",,"This Memory deals {0} increased damage to enemies affected by <color=yellow>Cold, <color=yellow>slow</color>, <color=yellow>root</color>, or <color=yellow>stun</color>.",,,,Rare,Cold,,,,
Gem_R_Blood,Essence of Blood Drops,,"When Health falls below 40%, <color=yellow>sacrifice</color> the <color=yellow>quality</color> of this <color=yellow>Essence</color> by 80% to <color=yellow>restore</color> 40% of your <color=yellow>Maximum Health</color>. Can only trigger once every 4 seconds.",,"When Health falls below {0}, <color=yellow>sacrifice</color> the <color=yellow>quality</color> of this <color=yellow>Essence</color> by {1} to <color=yellow>restore</color> {2} of your <color=yellow>Maximum Health</color>. Can only trigger once every {3} seconds.",,,,Rare,Heal,AAAAAAAHH!!,,Survive a single hit that deals 70% or more of your Maximum Health while you have no Barrier.,
Gem_R_Celestial,Essence of the Celestial,,"Every 10 seconds, this Memory's <color=yellow>cast</color> is <color=yellow>empowered</color>. When the <color=yellow>empowered cast</color> hits an enemy for the first time, it drops 4 meteors that deal <sprite=1><color=#16D7FF>130%</color><sprite=5> <color=yellow>Light damage</color> each.",,"Every {0} seconds, this Memory's <color=yellow>cast</color> is <color=yellow>empowered</color>. When the <color=yellow>empowered cast</color> hits an enemy for the first time, it drops {1} meteors that deal {2} <color=yellow>Light damage</color> each.",,,,Rare,Light,,,,
Gem_R_Composure,Essence of Composure,,Casting this Memory increases your <color=yellow>Critical Strike Chance</color> by 30%<sprite=5> for 5 seconds. This effect ends early if you take damage from enemies.,,Casting this Memory increases your <color=yellow>Critical Strike Chance</color> by {0} for {1} seconds. This effect ends early if you take damage from enemies.,,,,Rare,,,,,
Gem_R_Contempt,Essence of Contempt,,"This Memory deals more damage as the target's Health decreases, up to a 50%<sprite=5> <color=yellow>increase</color> when their Health is at 20%.",,"This Memory deals more damage as the target's Health decreases, up to a {0} <color=yellow>increase</color> when their Health is at {1}.",,"Day 4 in The Rapids.\n\nI finally have a moment to catch my breath and write again. My whole body still aches, and my hands won't stop shaking, but I have to get this down.\n\nA few days ago, with help from the Lucid Sect, I managed to enter this world called The Rapids. To my surprise, the forest was full of mystery and wonder—sunlight danced between the leaves, and I felt for a brief moment as if I'd stepped into a fairytale.\n\nBut it didn't take long to realize that this peacefulness was only a fragile illusion. By afternoon, the fog began to settle, and beyond it, we caught sight of something watching us from the mist.\n\nEven now, my hands tremble as I remember. There was a towering, grotesque creature with smoldering red eyes, its jaw twitching in an unnatural rhythm. In the blink of an eye, it was right in front of us.\n\nEverything after that is a blur. I remember running for my life, my lungs about to burst, the screams of my companions, and the awful sound of flesh being torn apart.\n\n\nI think I'm safe, for now, but I'll never forget the contempt in its eyes as it tore people apart with those long, cruel claws.\n\n- A.",,Rare,,,,,
Gem_R_Dusk,Essence of Dusk,,Casting this Memory fires 2 <color=yellow>Dusk shards</color> that deal <sprite=2><color=#FF8A2D>30%</color><sprite=5> <color=yellow>Dark damage</color> each time you <color=yellow>attack</color> an enemy for 5 seconds.,,Casting this Memory fires {0} <color=yellow>Dusk shards</color> that deal {1} <color=yellow>Dark damage</color> each time you <color=yellow>attack</color> an enemy for {2} seconds.,,,,Rare,Dark;Attack,,,,
Gem_R_Flow,Essence of Flow,,"Dealing <color=yellow>Light damage</color> with any Memory reduces this Memory's <color=yellow>cooldown</color> by 6%<sprite=5>. For Ultimate abilities, only 40% of the effect is applied. The <color=yellow>Cooldown Reduction</color> effect for this Memory also applies to equipped <color=yellow>Essences</color>.",,"Dealing <color=yellow>Light damage</color> with any Memory reduces this Memory's <color=yellow>cooldown</color> by {0}. For Ultimate abilities, only {1} of the effect is applied. The <color=yellow>Cooldown Reduction</color> effect for this Memory also applies to equipped <color=yellow>Essences</color>.",,"What a strange and unfamiliar truth this is. What you have shown me is undeniable, the unmistakable touch of fate. Once, I governed the birth and death of stars, their majestic resonance echoing within me completely. Now, everything drifts out of reach, as distant as shadows in the mist.\n\nYet my will remains clear, bright as the morning star. I will draw the path of my own destiny, and I will break these chains.\n\nUntil my final breath, I will remain the one who leads the dance of creation and oblivion. For I am the true god of stars.",,Rare,Light,,,,
Gem_R_Frost,Essence of Frost,,"When this Memory deals <color=yellow>Cold damage</color>, it deals <color=yellow>Cold damage</color> equal to 10%<sprite=5> of your <color=yellow>Maximum Health</color> and briefly <color=yellow>stuns</color> enemies. Can only trigger once every 5 seconds per enemy. Each time this triggers, permanently increase your <color=yellow>Maximum Health</color> by 1.",,"When this Memory deals <color=yellow>Cold damage</color>, it deals <color=yellow>Cold damage</color> equal to {0} of your <color=yellow>Maximum Health</color> and briefly <color=yellow>stuns</color> enemies. Can only trigger once every {1} seconds per enemy. Each time this triggers, permanently increase your <color=yellow>Maximum Health</color> by {2}.",,,,Rare,Cold;HardCC,,,,
Gem_R_Glaciate,Essence of Freezing,,<color=yellow>Casting</color> this Memory releases a burst of cold that deals <sprite=1><color=#16D7FF>160%</color><sprite=5> <color=yellow>Cold damage</color> to enemies. The area of effect increases with quality.,,<color=yellow>Casting</color> this Memory releases a burst of cold that deals {0} <color=yellow>Cold damage</color> to enemies. The area of effect increases with quality.,,,,Rare,Cold,,,,
Gem_R_Insatiable,Essence of Voracity,,"For 5 seconds after casting this Memory, <color=yellow>Attack Damage</color> is increased by 15%<sprite=5> and <color=yellow>restore</color> 6<sprite=5> Health per <color=yellow>attack</color>.",,"For {0} seconds after casting this Memory, <color=yellow>Attack Damage</color> is increased by {1} and <color=yellow>restore</color> {2} Health per <color=yellow>attack</color>.",,,,Rare,Heal;Attack,,,,
Gem_R_Momentum,Essence of Momentum,,"Each time you <color=yellow>attack</color> an enemy, the <color=yellow>cooldown</color> of this Memory is <color=yellow>reduced</color> by 0.4<sprite=5> seconds.",,"Each time you <color=yellow>attack</color> an enemy, the <color=yellow>cooldown</color> of this Memory is <color=yellow>reduced</color> by {0} seconds.",,,,Rare,Attack,,,,
Gem_R_NightSky,Essence of the Starry Sky,,"Each time this Memory <color=yellow>hits</color> an enemy, your <color=yellow>Attack Speed</color> increases by 10%<sprite=5> for 3 seconds, up to a maximum of 20%<sprite=5>. If it deals <color=yellow>Dark damage</color>, it can increase up to a maximum of 40%<sprite=5>. <color=yellow>Attacking</color> the enemy refreshes the duration of this effect.",,"Each time this Memory <color=yellow>hits</color> an enemy, your <color=yellow>Attack Speed</color> increases by {0} for {1} seconds, up to a maximum of {2}. If it deals <color=yellow>Dark damage</color>, it can increase up to a maximum of {3}. <color=yellow>Attacking</color> the enemy refreshes the duration of this effect.",,,,Rare,Dark;Attack,,,,
Gem_R_Panic,Essence of Panic,,Taking any <color=yellow>damage</color> grants this Memory 30<sprite=5> <color=yellow>Memory Haste</color> and your <color=yellow>Movement Speed</color> increases by 20%<sprite=5> for 3 seconds.,,Taking any <color=yellow>damage</color> grants this Memory {0} <color=yellow>Memory Haste</color> and your <color=yellow>Movement Speed</color> increases by {1} for {2} seconds.,,,,Rare,Mobility,Keep Calm and Carry On,,Defeat Heroic Bosses 8 times while your Health is below 25%.,
Gem_R_Rejuvenation,Essence of Rejuvenation,,"Every 15 seconds, this Memory's <color=yellow>cast</color> becomes <color=yellow>empowered</color>. For 1.5 seconds after casting the <color=yellow>empowered cast</color>, <color=yellow>restore</color> 14%<sprite=5> of the <color=yellow>damage</color> dealt as your <color=yellow>Health</color>.",,"Every {0} seconds, this Memory's <color=yellow>cast</color> becomes <color=yellow>empowered</color>. For {1} seconds after casting the <color=yellow>empowered cast</color>, <color=yellow>restore</color> {2} of the <color=yellow>damage</color> dealt as your <color=yellow>Health</color>.",,"Somewhere in a secret place within the Rapids,\na location also known as the Land Between,\nthe air was filled with the clinking of backpacks.\n\n""Senior! Just by approaching that statue, my creaky joints smooth out and my pack feels lighter! Even my worn shell seems to regain its luster! Why do I feel so rejuvenated?""\n\nThe one called senior slowly blinked their multiple eyes\nand let out a sigh—\na clear sign of exasperation at the question.\n\n""Because He shares a bit of His yesterday\nfor our today.""\n\n""His... yesterday? Then every time we gain strength, does our Guide... does He molt like us? Or does His shell crack?""\n\nThe senior slammed their sturdy claw on the table with a sharp 'THWACK!'\n\n""Ugh, tsk! Does this Jonas have a starfish for brains?! Instead of worrying about nonsense, tighten your pack straps! The power He gave you isn't for polishing your carapace!""\n\n\n- From the Regular Jonas Gathering",,Rare,Heal,Loyal Customer,,Activate the Shrine of Guidance 15 times in a single adventure.,
Gem_R_Ricochet,Essence of Ricochet,,"The <color=yellow>damage</color> or <color=yellow>healing</color> from this Memory has a 50%<sprite=5> chance to ricochet to another nearby target, dealing 90%<sprite=5> <color=yellow>damage</color> or <color=yellow>healing</color>. If it's <color=yellow>damage</color>, it shares the elemental type with the original damage.",,"The <color=yellow>damage</color> or <color=yellow>healing</color> from this Memory has a {0} chance to ricochet to another nearby target, dealing {1} <color=yellow>damage</color> or <color=yellow>healing</color>. If it's <color=yellow>damage</color>, it shares the elemental type with the original damage.",,,,Rare,,,,,
Gem_R_Rigidity,Essence of Rigidity,,"When this Memory <color=yellow>hits</color> an enemy, gain a <color=yellow>Barrier</color> of 9<sprite=5> that lasts for 2 seconds. If it deals <color=yellow>Cold damage</color>, this effect is increased by 80%.",,"When this Memory <color=yellow>hits</color> an enemy, gain a <color=yellow>Barrier</color> of {0} that lasts for {1} seconds. If it deals <color=yellow>Cold damage</color>, this effect is increased by {2}.",,,,Rare,Shield,,,,
Gem_R_Scorched,Essence of Scorch,,"<color=yellow>Casting</color> this Memory fires 3<sprite=5> <color=yellow>Fireballs</color>, each dealing <sprite=1><color=#16D7FF>47%</color><sprite=5> <color=yellow>Fire damage</color> to nearby enemies.",,"<color=yellow>Casting</color> this Memory fires {0} <color=yellow>Fireballs</color>, each dealing {1} <color=yellow>Fire damage</color> to nearby enemies.",,,,Rare,Fire,,,,
Gem_R_Shock,Essence of Shock,,"Every 4th <color=yellow>basic attack</color> becomes <color=yellow>empowered</color>, unleashing <color=yellow>Lightning</color> that bounces between enemies, dealing <sprite=1><color=#16D7FF>40%</color><sprite=5> <color=yellow>Light damage</color> up to 2 times. For every 20% <color=yellow>Critical Strike Chance</color>, the maximum number of hits increases by 1.",,"Every 4th <color=yellow>basic attack</color> becomes <color=yellow>empowered</color>, unleashing <color=yellow>Lightning</color> that bounces between enemies, dealing {0} <color=yellow>Light damage</color> up to {1} times. For every {2} <color=yellow>Critical Strike Chance</color>, the maximum number of hits increases by 1.",,,,Rare,Light;Attack,A Thousand Thunders,,"Land a total of 1,000 critical strikes.",
Gem_R_Snow,Essence of Snow,,"Gain a Barrier of 40<sprite=5> that recharges if you avoid damage for 5 seconds. While the Barrier is active, periodically launch a snowball at a random nearby enemy, dealing <sprite=1><color=#16D7FF>80%</color><sprite=5> <color=yellow>Cold damage</color>. The larger your Barrier, the quicker it fires.",,"Gain a Barrier of {0} that recharges if you avoid damage for {1} seconds. While the Barrier is active, periodically launch a snowball at a random nearby enemy, dealing {2} <color=yellow>Cold damage</color>. The larger your Barrier, the quicker it fires.",,,,Rare,Cold;Shield,Barrier Battery,,"Mitigate a total of 20,000 damage from enemies using Barriers.",
Gem_R_Spiral,Essence of the Vortex,,"Periodically fires a Fireball at a random nearby enemy, dealing <sprite=1><color=#16D7FF>90%</color><sprite=5> <color=yellow>Fire damage</color>. The higher the quality, the quicker it fires.",,"Periodically fires a Fireball at a random nearby enemy, dealing {0} <color=yellow>Fire damage</color>. The higher the quality, the quicker it fires.",,,,Rare,Fire,,,,
Gem_R_Stillness,Essence of Stillness,,"Every 5 seconds, this memory's <color=yellow>Cast</color> becomes <color=yellow>Enhanced</color>. Upon <color=yellow>Enhanced Cast</color>, emit light that deals <sprite=1><color=#16D7FF>200%</color><sprite=5> <color=yellow>Light Damage</color> to enemies and <color=yellow>Stuns</color> them for 2 seconds. Higher quality increases the emission radius.",,"Every {0} seconds, this memory's <color=yellow>Cast</color> becomes <color=yellow>Enhanced</color>. Upon <color=yellow>Enhanced Cast</color>, emit light that deals {1} <color=yellow>Light Damage</color> to enemies and <color=yellow>Stuns</color> them for {2} seconds. Higher quality increases the emission radius.",,,,Rare,Light;HardCC,,,,
Gem_R_Wealth,Essence of Wealth,,"When an enemy damaged by this Memory is killed within 2 seconds, they drop 1.7<sprite=5> Gold. Gold is shared among all Travelers.",,"When an enemy damaged by this Memory is killed within {0} seconds, they drop {1} Gold. Gold is shared among all Travelers.",,"You know gold holds a special meaning for ""us,"" don't you?\n\nAs imperfect beings, we sleep each night never knowing if we'll wake again. For ""us"" to endure, we need the perfection that gold presents.\n\nYet you still refuse to use it for yourself, even knowing all this?\nJonas, you truly are...",,Rare,,Suspiciously Wealthy Traveler,,"Spend a total of 2,000 Gold.",
Gem_R_Wound,Essence of the Wound,,"When this Memory deals damage to an enemy, it applies a <color=yellow>Mark</color>. Each <color=yellow>attack</color> on the <color=yellow>Mark</color> deals <sprite=1><color=#16D7FF>44%</color><sprite=5> <color=yellow>damage</color>, and after 3 attacks, the <color=yellow>Mark</color> explodes, dealing <sprite=1><color=#16D7FF>275%</color><sprite=5> <color=yellow>damage</color> to all nearby enemies.",,"When this Memory deals damage to an enemy, it applies a <color=yellow>Mark</color>. Each <color=yellow>attack</color> on the <color=yellow>Mark</color> deals {0} <color=yellow>damage</color>, and after {1} attacks, the <color=yellow>Mark</color> explodes, dealing {2} <color=yellow>damage</color> to all nearby enemies.",,"The wound... won't heal.\nBeyond the throbbing pain, it devours me\nlike a living curse.\n\nThe eerie violet eyes filling this cavern,\nand the floor's patterns glowing as if writhing...\nLike an endless scream, they seem to burrow\ninto my flesh trapped behind these bars.\n\nAnd among countless eyes, one shines brightest.\nHe inflicted this wound upon me, then did nothing.\nHe merely observes and records my wound,\nmy suffering, with detached interest.\n\nYet that indifferent gaze terrifies me\nmore than any wound ever could...",,Rare,Attack,Transcendent Speed,,Reach 6 Attack Speed per second.,
Gem_U_EternalFlame,Eternal Flame,,"Dealing <color=yellow>Fire damage</color> to an enemy with this Memory inflicts the <color=yellow>Eternal Flame</color> curse for 5 seconds. While under <color=yellow>Eternal Flame</color>, <color=yellow>any damage</color> you deal applies 1 <color=yellow>Burn</color> stack to the target.\nAll damage from this Memory is increased by 2.0%<sprite=5> for each <color=yellow>Burn</color> stack on that enemy.",,"Dealing <color=yellow>Fire damage</color> to an enemy with this Memory inflicts the <color=yellow>Eternal Flame</color> curse for {0} seconds. While under <color=yellow>Eternal Flame</color>, <color=yellow>any damage</color> you deal applies 1 <color=yellow>Burn</color> stack to the target.\nAll damage from this Memory is increased by {1} for each <color=yellow>Burn</color> stack on that enemy.",,,,Unique,Fire,,,,
Gem_U_GlacialCore,Glacial Core,,"Every 5 seconds, dealing <color=yellow>damage</color> with this Memory <color=yellow>restores</color> 3.6%<sprite=5> of your Maximum Health. If it is <color=yellow>Cold damage</color>, the effect increases by 100%.\n272%<sprite=5> of all <color=yellow>Health restored</color> is converted into <color=yellow>Cold damage</color>, firing <color=yellow>ice shards</color> at nearby enemies.",,"Every {0} seconds, dealing <color=yellow>damage</color> with this Memory <color=yellow>restores</color> {1} of your Maximum Health. If it is <color=yellow>Cold damage</color>, the effect increases by {2}.\n{3} of all <color=yellow>Health restored</color> is converted into <color=yellow>Cold damage</color>, firing <color=yellow>ice shards</color> at nearby enemies.",,,,Unique,Cold;Heal,,,,
Gem_U_LastStarlight,Last Starlight,,"Every 15 seconds, this Memory's <color=yellow>Cast</color> is <color=yellow>Empowered</color>. On an <color=yellow>Empowered Cast</color>, create a black hole at the cast location that deals <sprite=1><color=#16D7FF>160%</color><sprite=5> <color=yellow>Light Damage</color> per second for 5 seconds. \nIf this is not a location-targeted Memory, the black hole is created on the nearest enemy in the direction you are facing.",,"Every {0} seconds, this Memory's <color=yellow>Cast</color> is <color=yellow>Empowered</color>. On an <color=yellow>Empowered Cast</color>, create a black hole at the cast location that deals {1} <color=yellow>Light Damage</color> per second for {2} seconds. \nIf this is not a location-targeted Memory, the black hole is created on the nearest enemy in the direction you are facing.",,"My eternal companion, Nyx... \nI devote my very last to you. \nAll I ask is that you remain the most radiant goddess of the night...\n\n...Please, just be happy.",,Unique,Dark;HardCC,,,,
Gem_U_SoulPrison,Soul Prison,,"When you take <color=yellow>Fatal damage</color>, you ignore that damage and become <color=yellow>Invulnerable</color> for 3 seconds, then <color=yellow>destroy</color> this Essence. For every 1% of this Essence's <color=yellow>quality</color>, you <color=yellow>restore</color> 3 <color=yellow>Health</color>, and any excess healing is converted into a <color=yellow>Barrier</color>.",,"When you take <color=yellow>Fatal damage</color>, you ignore that damage and become <color=yellow>Invulnerable</color> for {0} seconds, then <color=yellow>destroy</color> this Essence. For every 1% of this Essence's <color=yellow>quality</color>, you <color=yellow>restore</color> {1} <color=yellow>Health</color>, and any excess healing is converted into a <color=yellow>Barrier</color>.",,,,Unique,Heal,,,,
