Key,Name_EN,Name_TH,Desc_EN,Desc_TH,RawDesc_EN,RawDesc_TH,Lore_EN,Lore_TH,Category,HeroType,MaxLevel
Se_Star_D_AbilityPower,Night Time,,Increases <color=yellow>Ability Power</color> by 2<sprite=5>.,,Increases <color=yellow>Ability Power</color> by {0}.,,,,Destruction,,4
Se_Star_D_AttackDamage,Aggressive Stance,,Increases <color=yellow>Attack Damage</color> by 2<sprite=5>.,,Increases <color=yellow>Attack Damage</color> by {0}.,,,,Destruction,,4
Se_Star_D_AttackSpeed,Hurricane,,Increases <color=yellow>Attack Speed</color> by 6%<sprite=5>.,,Increases <color=yellow>Attack Speed</color> by {0}.,,,,Destruction,,4
Se_Star_D_BossDamageAmp,Valiant Challenger,,Increases all damage dealt to <color=yellow>Bosses</color> by 10%<sprite=5>.,,Increases all damage dealt to <color=yellow>Bosses</color> by {0}.,,,,Destruction,,4
Se_Star_D_CritChance,Lucky Clover,,Increases <color=yellow>Critical Strike Chance</color> by 5%<sprite=5>.,,Increases <color=yellow>Critical Strike Chance</color> by {0}.,,,,Destruction,,5
Se_Star_D_CritDamage,Powerful Blow,,Increases <color=yellow>Critical Strike Damage</color> by 15%<sprite=5>.,,Increases <color=yellow>Critical Strike Damage</color> by {0}.,,,,Destruction,,4
Se_Star_D_DamageBonusOnAllElemental,Elementalist,,All damage you deal to enemies affected by <color=yellow>all 4 elements</color> is increased by 18%<sprite=5>.,,All damage you deal to enemies affected by <color=yellow>all 4 elements</color> is increased by {0}.,,,,Destruction,,4
Se_Star_D_DarkAmp,Corrupted Mind,,Your <color=yellow>Dark damage</color> against enemies exposed to <color=yellow>Dark</color> is increased by an additional 1.5%<sprite=5> per stack.,,Your <color=yellow>Dark damage</color> against enemies exposed to <color=yellow>Dark</color> is increased by an additional {0} per stack.,,,,Destruction,,4
Se_Star_D_FireAmp,Crimson Flame,,Increase <color=yellow>Burn damage</color> by 30%<sprite=5>.,,Increase <color=yellow>Burn damage</color> by {0}.,,,,Destruction,,4
Se_Star_D_LightAmp,Daylight,,Your <color=yellow>Light damage</color> against enemies exposed to <color=yellow>Light</color> is increased by an additional 1.5%<sprite=5> per stack.,,Your <color=yellow>Light damage</color> against enemies exposed to <color=yellow>Light</color> is increased by an additional {0} per stack.,,,,Destruction,,4
Se_Star_D_LowerASHigherAD,Strength Enhancement,,Reduces <color=yellow>Attack Speed</color> by 20%. Increases <color=yellow>Attack Damage</color> by 8<sprite=5>.,,Reduces <color=yellow>Attack Speed</color> by {0}. Increases <color=yellow>Attack Damage</color> by {1}.,,,,Destruction,,4
Se_Star_D_ScalingAbilityPower,Mature Mind,,"Gain 2<sprite=5> <color=yellow>Ability Power</color> each time you reach levels 5, 10, 15, and 20.",,"Gain {0} <color=yellow>Ability Power</color> each time you reach levels 5, 10, 15, and 20.",,,,Destruction,,4
Se_Star_D_ScalingAttackDamage,Destructive Nature,,"Gain 2<sprite=5> <color=yellow>Attack Damage</color> each time you reach levels 5, 10, 15, and 20.",,"Gain {0} <color=yellow>Attack Damage</color> each time you reach levels 5, 10, 15, and 20.",,,,Destruction,,4
Se_Star_D_ScalingAttackSpeedWithPenalty,Gathering Storm,,<color=yellow>Attack Speed</color> is reduced by 10%. <color=yellow>Attack Speed</color> increases by 1%<sprite=5> each time you level up.,,<color=yellow>Attack Speed</color> is reduced by {0}. <color=yellow>Attack Speed</color> increases by {1} each time you level up.,,,,Destruction,,4
Se_Star_D_TempAbilityPower,Awakened Magic,,Increases <color=yellow>Ability Power</color> by 14<sprite=5> while completing the first 3 worlds.,,Increases <color=yellow>Ability Power</color> by {0} while completing the first {1} worlds.,,,,Destruction,,4
Se_Star_D_TempAttackDamage,Burning Bloodlust,,Increases <color=yellow>Attack Damage</color> by 14<sprite=5> until you complete the first 3 world.,,Increases <color=yellow>Attack Damage</color> by {0} until you complete the first {1} world.,,,,Destruction,,4
Se_Star_D_UltimateChargeSpeed,Ultimate Malice,,Increases <color=yellow>Ultimate</color> charge speed by 20%<sprite=5>.,,Increases <color=yellow>Ultimate</color> charge speed by {0}.,,,,Destruction,,5
Se_Star_I_DismantleReroll,Trading Fates,,"The first time you <color=yellow>Dismantle</color> an Essence or Memory, it is replaced with a random item of the same rarity instead of being dismantled. Can trigger up to 1<sprite=5> times per world.",,"The first time you <color=yellow>Dismantle</color> an Essence or Memory, it is replaced with a random item of the same rarity instead of being dismantled. Can trigger up to {0} times per world.",,,,Imagination,,3
Se_Star_I_AdditionalChaosChance,Primordial Chaos,,"When <color=yellow>Chaos</color> is obtained as a reward, there is a 12%<sprite=5> chance to gain one additional Chaos.",,"When <color=yellow>Chaos</color> is obtained as a reward, there is a {0} chance to gain one additional Chaos.",,,,Imagination,,5
Se_Star_I_DismantleBonus,Efficient Extraction,,Increases the amount of <color=yellow>Dream Dust</color> gained from <color=yellow>dismantling</color> Memories or Essences by 7%<sprite=5>.,,Increases the amount of <color=yellow>Dream Dust</color> gained from <color=yellow>dismantling</color> Memories or Essences by {0}.,,,,Imagination,,5
Se_Star_I_DreamDustOnKillChance,Dismantle and Analyze,,<color=yellow>Defeating</color> an enemy has a 12%<sprite=5> chance to grant 2 <color=yellow>Dream Dust</color>.,,<color=yellow>Defeating</color> an enemy has a {0} chance to grant {1} <color=yellow>Dream Dust</color>.,,,,Imagination,,4
Se_Star_I_FirstGemUpgrade,Beginner's Luck,,Increases the <color=yellow>quality of the first Essence</color> you equip by 40%<sprite=5>.,,Increases the <color=yellow>quality of the first Essence</color> you equip by {0}.,,,,Imagination,,4
Se_Star_I_GemOnMiniBossKill,Bizarre Spoils,,Defeating a <color=yellow>Mini Boss</color> has a 40%<sprite=5> chance to grant a random Essence.,,Defeating a <color=yellow>Mini Boss</color> has a {0} chance to grant a random Essence.,,,,Imagination,,4
Se_Star_I_GoldPerCrit,Pickpocket,,Gain 0.7<sprite=5> Gold the first time a <color=yellow>Critical Attack</color> hits each enemy.,,Gain {0} Gold the first time a <color=yellow>Critical Attack</color> hits each enemy.,,,,Imagination,,3
Se_Star_I_KillGoldBonus,Wealth Accumulation,,Increases the amount of <color=yellow>Gold</color> gained from <color=yellow>defeating</color> enemies by 4%<sprite=5>.,,Increases the amount of <color=yellow>Gold</color> gained from <color=yellow>defeating</color> enemies by {0}.,,,,Imagination,,4
Se_Star_I_MawDiscountAndProtection,Sparkling Clean Maw,,"Reduces the cost of the <color=yellow>Maw of Doom</color> by 20%<sprite=5>. The Maw no longer destroys items it consumes, instead resetting their level or quality.",,"Reduces the cost of the <color=yellow>Maw of Doom</color> by {0}. The Maw no longer destroys items it consumes, instead resetting their level or quality.",,,,Imagination,,4
Se_Star_I_MoreShopItems,Monstrous Charm,,There is a 50%<sprite=5> chance for <color=yellow>Jonas</color> to offer 2 additional items for sale.,,There is a {0} chance for <color=yellow>Jonas</color> to offer 2 additional items for sale.,,,,Imagination,,3
Se_Star_I_ShopDiscount,Sharp Negotiator,,The <color=yellow>Gold price</color> of items sold by Merchants is reduced by 10%<sprite=5>.,,The <color=yellow>Gold price</color> of items sold by Merchants is reduced by {0}.,,,,Imagination,,5
Se_Star_I_ShopRefreshToken,Black Market,,"Gain 1<sprite=5> <color=yellow>Platinum Coins</color> at the start of an adventure and whenever you move to a new world, up to a maximum of 3. Use these coins to refresh the Merchant's inventory.",,"Gain {0} <color=yellow>Platinum Coins</color> at the start of an adventure and whenever you move to a new world, up to a maximum of {1}. Use these coins to refresh the Merchant's inventory.",,,,Imagination,,3
Se_Star_I_StartGold,Initial Capital,,Gain 50<sprite=5> <color=yellow>Gold</color> at the start of your adventure.,,Gain {0} <color=yellow>Gold</color> at the start of your adventure.,,,,Imagination,,4
Se_Star_I_StartSkill,Intersecting Memories,,Acquire a <color=yellow>random</color> level 1<sprite=5> <color=yellow>Memory</color> at the start of your adventure.,,Acquire a <color=yellow>random</color> level {0} <color=yellow>Memory</color> at the start of your adventure.,,,,Imagination,,4
Se_Star_L_Armor,Stone Skin,,Increases <color=yellow>Armor</color> by 5<sprite=5>.,,Increases <color=yellow>Armor</color> by {0}.,,,,Life,,5
Se_Star_L_ArmorOnTravel,Ragged Armor,,Gain 2.5<sprite=5> <color=yellow>Armor</color> every time you enter a new world.,,Gain {0} <color=yellow>Armor</color> every time you enter a new world.,,,,Life,,4
Se_Star_L_DamageReductionFromChilled,Cold Affinity,,<color=yellow>Damage taken</color> from enemies afflicted with <color=yellow>Chill</color> is reduced by 25%<sprite=5>.,,<color=yellow>Damage taken</color> from enemies afflicted with <color=yellow>Chill</color> is reduced by {0}.,,,,Life,,4
Se_Star_L_DodgeCooldown,Threat Detection,,Reduces <color=yellow>Dodge</color>'s cooldown by 10%<sprite=5>.,,Reduces <color=yellow>Dodge</color>'s cooldown by {0}.,,,,Life,,4
Se_Star_L_DodgeCooldownOnLowHealth,Instinctive Movement,,"When Health is below 50%, <color=yellow>Dodge</color> cooldown is reduced by 20%<sprite=5>.",,"When Health is below {0}, <color=yellow>Dodge</color> cooldown is reduced by {1}.",,,,Life,,4
Se_Star_L_ElementalResistance,Elemental Resistance,,"Reduces the duration of <color=yellow>elemental effects</color> on you by 40%<sprite=5>. For <color=yellow>Burn</color>, damage is reduced instead.",,"Reduces the duration of <color=yellow>elemental effects</color> on you by {0}. For <color=yellow>Burn</color>, damage is reduced instead.",,,,Life,,4
Se_Star_L_FatalHitProtection,Second Wind,,"When you take <color=yellow>Fatal damage</color>, you ignore that damage and become <color=yellow>Invulnerable</color> for 1<sprite=5> seconds. This can only occur once per game.",,"When you take <color=yellow>Fatal damage</color>, you ignore that damage and become <color=yellow>Invulnerable</color> for {0} seconds. This can only occur once per game.",,,,Life,,4
Se_Star_L_GuidanceShrineDiscount,Unconditional Love,,Reduces the cost of <color=yellow>Shrine of Guidance</color> by 25%<sprite=5>.,,Reduces the cost of <color=yellow>Shrine of Guidance</color> by {0}.,,,,Life,,4
Se_Star_L_HealOnAttack,Wicked Vitality,,<color=yellow>Basic Attacks</color> restore 0.40%<sprite=5> of your Max Health on hit. This healing is increased by 150% on a Critical Strike.,,<color=yellow>Basic Attacks</color> restore {0} of your Max Health on hit. This healing is increased by {1} on a Critical Strike.,,,,Life,,4
Se_Star_L_HealOnKill,Combat First Aid,,Restore 1.00%<sprite=5> of your Max Health whenever you <color=yellow>kill</color> an enemy.,,Restore {0} of your Max Health whenever you <color=yellow>kill</color> an enemy.,,,,Life,,4
Se_Star_L_MaxHealth,Empowered Persistence,,Increases <color=yellow>Maximum Health</color> by 60<sprite=5>.,,Increases <color=yellow>Maximum Health</color> by {0}.,,,,Life,,4
Se_Star_L_PotionChance,Asclepius,,Increases the chance for a <color=yellow>Health Potion</color> to appear by 25%<sprite=5>.,,Increases the chance for a <color=yellow>Health Potion</color> to appear by {0}.,,,,Life,,4
Se_Star_L_PotionHealAmount,Suspicious Mixture,,Increases the healing amount of <color=yellow>Health Potions</color> by 55%<sprite=5>.,,Increases the healing amount of <color=yellow>Health Potions</color> by {0}.,,,,Life,,4
Se_Star_L_PotionOnBuyOrSell,Humble Freebie,,Gain a <color=yellow>Health Potion</color> when you buy or sell an item at the shop. This can trigger up to 1<sprite=5> times per merchant.,,Gain a <color=yellow>Health Potion</color> when you buy or sell an item at the shop. This can trigger up to {0} times per merchant.,,,,Life,,3
Se_Star_L_ReceivedHealingAndShieldBonus,Regenerative Skin,,Increases received <color=yellow>Healing</color> and <color=yellow>Barrier</color> amounts by 12%<sprite=5>.,,Increases received <color=yellow>Healing</color> and <color=yellow>Barrier</color> amounts by {0}.,,,,Life,,4
Se_Star_L_ScalingMaxHealth,Steel Refinement,,Increases <color=yellow>Maximum Health</color> by 15<sprite=5> each time you level up.,,Increases <color=yellow>Maximum Health</color> by {0} each time you level up.,,,,Life,,4
Se_Star_Aurena_D_AbilityPower,Drawing a Conclusion,,Increases <color=yellow>Ability Power</color> by 3<sprite=5>.,,Increases <color=yellow>Ability Power</color> by {0}.,,,,Destruction,Hero_Aurena,3
Se_Star_Aurena_D_AtkSpd,Hypothesis Formation,,Increases <color=yellow>Attack Speed</color> by 5%<sprite=5>.,,Increases <color=yellow>Attack Speed</color> by {0}.,,,,Destruction,Hero_Aurena,3
Se_Star_Aurena_D_AttackDamage,Experiment and Validation,,Increases <color=yellow>Attack Damage</color> by 3<sprite=5>.,,Increases <color=yellow>Attack Damage</color> by {0}.,,Experiments and validation must always be thorough. The pain or lives of test subjects are merely secondary considerations to her.,,Destruction,Hero_Aurena,3
Se_Star_Aurena_D_BonusStatOnLowHp,Resonance Effect,,"When your Health is below 50%, your <color=yellow>Attack Damage</color> and <color=yellow>Ability Power</color> increase by 8%<sprite=5>.",,"When your Health is below {0}, your <color=yellow>Attack Damage</color> and <color=yellow>Ability Power</color> increase by {1}.",,,,Destruction,Hero_Aurena,4
Se_Star_Aurena_F_CR_EarnGold,Master Alchemist,,<color=yellow>Chain Reaction</color> earns 2 Gold per second for each enemy inside the sigil.,,<color=yellow>Chain Reaction</color> earns {0} Gold per second for each enemy inside the sigil.,,,,Flexible,Hero_Aurena,1
Se_Star_Aurena_F_CR_GlobalHeal,Golden Mind,,<color=yellow>Chain Reaction</color> applies 70% healing to Travelers even if they are not inside the sigil.,,<color=yellow>Chain Reaction</color> applies {0} healing to Travelers even if they are not inside the sigil.,,,,Flexible,Hero_Aurena,1
Se_Star_Aurena_F_CR_NoHealCooldownReduction,Golden Wind,,"<color=yellow>Chain Reaction</color> no longer heals, but its cooldown is reduced by 15% each time an enemy dies from the sigil.",,"<color=yellow>Chain Reaction</color> no longer heals, but its cooldown is reduced by {0} each time an enemy dies from the sigil.",,,,Flexible,Hero_Aurena,1
Se_Star_Aurena_F_DT_LowerThresholdBiggerHeals,Extremely Dangerous Theory,,"The Health threshold for empowered casts of <color=yellow>Dangerous Theory</color> is reduced to 40%, but healing is increased by 40%.",,"The Health threshold for empowered casts of <color=yellow>Dangerous Theory</color> is reduced to {0}, but healing is increased by {1}.",,"The ethics committee of the Lunar Society that reviewed her thesis unanimously reached two conclusions. First, she should be immediately expelled. Second, all committee members who participated in this review shall be granted one week of paid leave.",,Flexible,Hero_Aurena,1
Se_Star_Aurena_F_DT_TwiceWithPenalty,Follow-up Research,,"<color=yellow>Dangerous Theory</color>'s cooldown increases by 1 seconds and it can only be used as an empowered cast, but it empowers 2 basic attacks.",,"<color=yellow>Dangerous Theory</color>'s cooldown increases by {0} seconds and it can only be used as an empowered cast, but it empowers {1} basic attacks.",,,,Flexible,Hero_Aurena,1
Se_Star_Aurena_F_DT_UnstoppableAndRemoveDelusion,Unparalleled Genius,,"When you cast <color=yellow>Dangerous Theory</color>, become Unstoppable for 1.5 seconds and remove Delusional effects.",,"When you cast <color=yellow>Dangerous Theory</color>, become Unstoppable for {0} seconds and remove Delusional effects.",,"She now understands delusions completely, from their basic principles to how they work.",,Flexible,Hero_Aurena,1
Se_Star_Aurena_F_GB_LessDamageLessSacrifice,Loose Dismantle,,"<color=yellow>Golden Explosion</color>'s damage is reduced by 40%, but the Health sacrificed is also reduced by 30%.",,"<color=yellow>Golden Explosion</color>'s damage is reduced by {0}, but the Health sacrificed is also reduced by {1}.",,,,Flexible,Hero_Aurena,1
Se_Star_Aurena_F_GB_NoSacrificeAfterDodge,"Dismantle, Dissolve, Understanding",,"If you cast <color=yellow>Golden Explosion</color> within 3 seconds after using Dodge, no Health is sacrificed. This only applies in combat.",,"If you cast <color=yellow>Golden Explosion</color> within {0} seconds after using Dodge, no Health is sacrificed. This only applies in combat.",,,,Flexible,Hero_Aurena,1
Se_Star_Aurena_F_GB_NoWitherNoSacrifice,Strong Bond,,"If you cast <color=yellow>Golden Explosion</color> with no Wither stacks, no Health is sacrificed. This only applies in combat.",,"If you cast <color=yellow>Golden Explosion</color> with no Wither stacks, no Health is sacrificed. This only applies in combat.",,,,Flexible,Hero_Aurena,1
Se_Star_Aurena_F_RE_AtkEffect,Sharp Shards,,Each Gold Shard from <color=yellow>Reduction</color> triggers attack effects on the first enemy hit.,,Each Gold Shard from <color=yellow>Reduction</color> triggers attack effects on the first enemy hit.,,,,Flexible,Hero_Aurena,1
Se_Star_Aurena_F_RE_CooldownButNoHeal,Transmutation,,"<color=yellow>Reduction</color> no longer restores Health, but its cooldown is reduced by 70%.",,"<color=yellow>Reduction</color> no longer restores Health, but its cooldown is reduced by {0}.",,,,Flexible,Hero_Aurena,1
Se_Star_Aurena_F_RE_MoreProjMoreSacrifice,Enhanced Dismantling Force,,"<color=yellow>Reduction</color> fires 1 more Gold Shards, but the amount of Health sacrificed increases to 15%.",,"<color=yellow>Reduction</color> fires {0} more Gold Shards, but the amount of Health sacrificed increases to {1}.",,,,Flexible,Hero_Aurena,1
Se_Star_Aurena_I_BonusFromStones,Component Analysis,,Increases the resources gained from <color=yellow>Gold Shards</color> and <color=yellow>Dream Dust Shards</color> by 40%<sprite=5>.,,Increases the resources gained from <color=yellow>Gold Shards</color> and <color=yellow>Dream Dust Shards</color> by {0}.,,,,Imagination,Hero_Aurena,4
Se_Star_Aurena_I_GoldEveryZone,Glittering Golden Antlers,,Gain 60<sprite=5> <color=yellow>Gold</color> every time you enter a new world.,,Gain {0} <color=yellow>Gold</color> every time you enter a new world.,,"With sandpaper, cloth, and time, you can always acquire a bit of Gold.",,Imagination,Hero_Aurena,4
Se_Star_Aurena_I_GoldOnMerchantDamage,Fun Experiment,,"Gain 4 Gold each time you damage a <color=yellow>Merchant</color>, up to a maximum of 40<sprite=5> Gold.",,"Gain {0} Gold each time you damage a <color=yellow>Merchant</color>, up to a maximum of {1} Gold.",,Aurena herself doesn't seem to see anything wrong with this.,,Imagination,Hero_Aurena,3
Se_Star_Aurena_I_PotionGold,Equivalent Exchange,,Gain 10<sprite=5> Gold each time you acquire a <color=yellow>Health Potion</color>.,,Gain {0} Gold each time you acquire a <color=yellow>Health Potion</color>.,,,,Imagination,Hero_Aurena,3
Se_Star_Aurena_I_RevealWorld,Anguillian Hypersense,,"When entering a world, <color=yellow>reveal</color> 3<sprite=5> random locations.",,"When entering a world, <color=yellow>reveal</color> {0} random locations.",,,,Imagination,Hero_Aurena,3
Se_Star_Aurena_L_Armor,Beautiful Plumage,,Increases <color=yellow>Armor</color> by 3<sprite=5>.,,Increases <color=yellow>Armor</color> by {0}.,,,,Life,Hero_Aurena,4
Se_Star_Aurena_L_ArmorOnLowHp,Feather Oil,,Increases <color=yellow>Armor</color> by 30<sprite=5> when your Health is below 40%.,,Increases <color=yellow>Armor</color> by {0} when your Health is below {1}.,,,,Life,Hero_Aurena,3
Se_Star_Aurena_L_HealAmpOnLowHp,Autophagy,,Increases <color=yellow>healing</color> given and received by 15%<sprite=5> when your Health is below 50%.,,Increases <color=yellow>healing</color> given and received by {0} when your Health is below {1}.,,,,Life,Hero_Aurena,3
Se_Star_Aurena_L_HealAmpWithPenalty,Experimental Hypothesis,,"Increases damage taken from enemies by 20%, but increases healing given and received by 15%<sprite=5>.",,"Increases damage taken from enemies by {0}, but increases healing given and received by {1}.",,,,Life,Hero_Aurena,4
Se_Star_Aurena_L_ShareHeal,Circulating Life,,"When you recover Health, <color=yellow>heal</color> a nearby ally other than yourself with the lowest Health for 20%<sprite=5> of the amount healed.",,"When you recover Health, <color=yellow>heal</color> a nearby ally other than yourself with the lowest Health for {0} of the amount healed.",,,,Life,Hero_Aurena,3
Se_Star_Aurena_L_SpeedOnDamage,Eel-like Agility,,"When you take damage, your <color=yellow>Movement Speed</color> increases by 10%<sprite=5> for 2 seconds.",,"When you take damage, your <color=yellow>Movement Speed</color> increases by {0} for {1} seconds.",,"Her graceful and elegant movements, uncharacteristic of a scholar, are one of the physical traits of Anguillians.",,Life,Hero_Aurena,4
Se_Star_Bismuth_D_AtkSpd,Speed Reading,,Increases <color=yellow>Attack Speed</color> by 9%<sprite=5>.,,Increases <color=yellow>Attack Speed</color> by {0}.,,,,Destruction,Hero_Bismuth,4
Se_Star_Bismuth_D_AtkSpdFromDismantle,Enlightenment,,"Each time you <color=yellow>dismantle</color> a Memory or Essence, your Attack Speed increases permanently by 3%<sprite=5>, but Dream Dust gained is reduced by 35%. Attack Speed increase varies by rarity: <color=#e6efff>70%</color>, <color=#8af5ff>100%</color>, <color=#c478ff>150%</color>, <color=#ff6969>300%</color>.",,"Each time you <color=yellow>dismantle</color> a Memory or Essence, your Attack Speed increases permanently by {0}, but Dream Dust gained is reduced by {1}. Attack Speed increase varies by rarity: <color=#e6efff>{2}</color>, <color=#8af5ff>{3}</color>, <color=#c478ff>{4}</color>, <color=#ff6969>{5}</color>.",,,,Destruction,Hero_Bismuth,3
Se_Star_Bismuth_D_BonusAttackEffect,Arrow of the Mind,,"Your Maximum Health is reduced by 15%, but in return, your basic attacks have a 25%<sprite=5> chance to fire an additional arrow that triggers an <color=yellow>attack effect</color>.",,"Your Maximum Health is reduced by {0}, but in return, your basic attacks have a {1} chance to fire an additional arrow that triggers an <color=yellow>attack effect</color>.",,,,Destruction,Hero_Bismuth,3
Se_Star_Bismuth_D_Conquerer,Mental Attunement,,"Gain 1 stack of <color=yellow>Attunement</color> with each basic attack, up to 8 stacks. Each stack increases your Attack Damage and Ability Power by 0.5<sprite=5>. All stacks are lost when you take damage from enemies.",,"Gain 1 stack of <color=yellow>Attunement</color> with each basic attack, up to {0} stacks. Each stack increases your Attack Damage and Ability Power by {1}. All stacks are lost when you take damage from enemies.",,,,Destruction,Hero_Bismuth,3
Se_Star_Bismuth_D_SkillHasteAndAutoCast,Self-Writing Story,,Increases <color=yellow>Memory Haste</color> by 8<sprite=5> and most Memories will be <color=yellow>automatically cast</color> during combat.,,Increases <color=yellow>Memory Haste</color> by {0} and most Memories will be <color=yellow>automatically cast</color> during combat.,,"Sometimes, the story gets so exciting that it turns to the next page all by itself. The girl simply needs to sit back and watch the wonderful tales the book writes unfold.",,Destruction,Hero_Bismuth,4
Se_Star_Bismuth_F_DM_BonusOnFullCharge,Overcharge,,"Increases <color=yellow>Distorted Mind</color>'s cooldown by 1 seconds, but firing at maximum charge increases the number of arrows by 2.",,"Increases <color=yellow>Distorted Mind</color>'s cooldown by {0} seconds, but firing at maximum charge increases the number of arrows by {1}.",,,,Flexible,Hero_Bismuth,1
Se_Star_Bismuth_F_DM_MoreShootNoMove,Artillery,,"Increases the maximum number of arrows for <color=yellow>Distorted Mind</color> by 7, but you cannot move while charging.",,"Increases the maximum number of arrows for <color=yellow>Distorted Mind</color> by {0}, but you cannot move while charging.",,,,Flexible,Hero_Bismuth,1
Se_Star_Bismuth_F_DM_NonFullChargeCooldown,Improvisation,,"When you release <color=yellow>Distorted Mind</color> without fully charging, its cooldown is reduced by 50%.",,"When you release <color=yellow>Distorted Mind</color> without fully charging, its cooldown is reduced by {0}.",,,,Flexible,Hero_Bismuth,1
Se_Star_Bismuth_F_IN_Elementals,Diverse Topics,,Each soul missile from <color=yellow>Pure Soul</color> gains a random elemental effect.,,Each soul missile from <color=yellow>Pure Soul</color> gains a random elemental effect.,,,,Flexible,Hero_Bismuth,1
Se_Star_Bismuth_F_IN_LessCooldownLessMissiles,Undervolting,,"<color=yellow>Pure Soul</color>'s soul missile count is reduced by 2, but its cooldown is reduced by 50%.",,"<color=yellow>Pure Soul</color>'s soul missile count is reduced by {0}, but its cooldown is reduced by {1}.",,,,Flexible,Hero_Bismuth,1
Se_Star_Bismuth_F_IN_MoreProjByAtkSpd,Say Hello to My Little Friends!,,"<color=yellow>Pure Soul</color>'s cooldown increases by 1 seconds, but the number of soul missiles also increases by your attacks per second.",,"<color=yellow>Pure Soul</color>'s cooldown increases by {0} seconds, but the number of soul missiles also increases by your attacks per second.",,The girl decided to divide her shining heart into even more pieces to give as gifts. Then everyone regained their kind hearts and quietly fell asleep!,,Flexible,Hero_Bismuth,1
Se_Star_Bismuth_F_IT_AddedDurationOnHit,Extended Agony,,"<color=yellow>Tales of Hellfire</color>'s cooldown increases by 1 seconds, but each time it hits an enemy, its duration increases by 0.2 seconds, up to a maximum of 2 seconds.",,"<color=yellow>Tales of Hellfire</color>'s cooldown increases by {0} seconds, but each time it hits an enemy, its duration increases by {1} seconds, up to a maximum of {2} seconds.",,,,Flexible,Hero_Bismuth,1
Se_Star_Bismuth_F_IT_InnerDamage,Furnace,,<color=yellow>Tales of Hellfire</color>'s damage is reduced by 40% but now also hits enemies inside the ring.,,<color=yellow>Tales of Hellfire</color>'s damage is reduced by {0} but now also hits enemies inside the ring.,,,,Flexible,Hero_Bismuth,1
Se_Star_Bismuth_F_IT_SmallerRingMoreDamage,Close and Personal,,<color=yellow>Tales of Hellfire</color>'s ring radius is reduced by 35% but its damage is increased by 35%.,,<color=yellow>Tales of Hellfire</color>'s ring radius is reduced by {0} but its damage is increased by {1}.,,,,Flexible,Hero_Bismuth,1
Se_Star_Bismuth_F_VH_FullCharge,No Longer Afraid,,<color=yellow>Valiant Heart</color>'s charges now fully restore all at once.,,<color=yellow>Valiant Heart</color>'s charges now fully restore all at once.,,"Now, no matter how many villains appear, it's okay. The girl's hands will always be filled with the courage to defeat them!",,Flexible,Hero_Bismuth,1
Se_Star_Bismuth_F_VH_ResetOnDodge,Quick Decision,,"Using <color=yellow>Distorting Sprint</color> resets the cooldown of <color=yellow>Valiant Heart</color>, but it only hits up to 2 enemies.",,"Using <color=yellow>Distorting Sprint</color> resets the cooldown of <color=yellow>Valiant Heart</color>, but it only hits up to {0} enemies.",,,,Flexible,Hero_Bismuth,1
Se_Star_Bismuth_F_VH_Shield,Steadfast Heart,,"<color=yellow>Valiant Heart</color>'s cooldown is increased by 1 seconds, but you gain a Barrier equal to 40% of the damage dealt that lasts for 2.5 seconds.",,"<color=yellow>Valiant Heart</color>'s cooldown is increased by {0} seconds, but you gain a Barrier equal to {1} of the damage dealt that lasts for {2} seconds.",,,,Flexible,Hero_Bismuth,1
Se_Star_Bismuth_I_DismantleMemoryDreamDust,Good Material,,Increase the amount of Dream Dust obtained when <color=yellow>dismantling</color> <color=yellow>Memories</color> by 20%<sprite=5>.,,Increase the amount of Dream Dust obtained when <color=yellow>dismantling</color> <color=yellow>Memories</color> by {0}.,,,,Imagination,Hero_Bismuth,4
Se_Star_Bismuth_I_KnowledgeBook,Book of Knowledge,,Gain 1-4 <color=yellow>Books of Knowledge</color> for every boss you defeat. Each book grants a random stat equivalent to a Common-grade Chaos 15%<sprite=5>.,,Gain {0}-{1} <color=yellow>Books of Knowledge</color> for every boss you defeat. Each book grants a random stat equivalent to a Common-grade Chaos {2}.,,,,Imagination,Hero_Bismuth,3
Se_Star_Bismuth_I_RevealWorld,Mind's Eye,,"When entering a world, <color=yellow>reveal</color> 2<sprite=5> random locations.",,"When entering a world, <color=yellow>reveal</color> {0} random locations.",,"When the girl looked at the world through her book, gingerbread houses waiting with the next adventure would appear in places that had been empty before.",,Imagination,Hero_Bismuth,3
Se_Star_Bismuth_I_SecretJournal,Secret Diary,,"Start your adventure with the <color=yellow>Our Story</color> Essence. Its quality increases by 50% every time you defeat 75 enemies and is completed when quality reaches 500%. When completed, this Essence increases Bismuth's Ability Power and Attack Damage by 10%<sprite=5>, and enhances all buffs from Distorting Sprint by 30%<sprite=5>.",,"Start your adventure with the <color=yellow>Our Story</color> Essence. Its quality increases by {0} every time you defeat {1} enemies and is completed when quality reaches {2}. When completed, this Essence increases Bismuth's Ability Power and Attack Damage by {3}, and enhances all buffs from Distorting Sprint by {4}.",,,,Imagination,Hero_Bismuth,3
Se_Star_Bismuth_I_ShopDiscount,I'm Adorable,,The <color=yellow>Gold price</color> of items sold by Merchants is reduced by 5%<sprite=5>.,,The <color=yellow>Gold price</color> of items sold by Merchants is reduced by {0}.,,,,Imagination,Hero_Bismuth,4
Se_Star_Bismuth_I_TreasureWithHealthPenalty,Beautiful Metal,,"Start your adventure with the <color=yellow>Metallic Crystal</color> Essence. You can sell this Essence to Merchants for 200<sprite=5> Gold, or dismantle it for 120<sprite=5> Dream Dust. However, losing this shard will reduce your Maximum Health by 15%.",,"Start your adventure with the <color=yellow>Metallic Crystal</color> Essence. You can sell this Essence to Merchants for {0} Gold, or dismantle it for {1} Dream Dust. However, losing this shard will reduce your Maximum Health by {2}.",,,,Imagination,Hero_Bismuth,3
Se_Star_Bismuth_L_ContinuousSpeed,Light Footsteps,,"While moving, <color=yellow>Movement Speed</color> gradually increases over 5 seconds, up to a maximum of 10%<sprite=5>. This bonus disappears when you stop moving.",,"While moving, <color=yellow>Movement Speed</color> gradually increases over {0} seconds, up to a maximum of {1}. This bonus disappears when you stop moving.",,Worried about the girl's tiny bare feet? Don't be. She's not walking on rough ground—she's skipping merrily across fluffy clouds on her journey!,,Life,Hero_Bismuth,4
Se_Star_Bismuth_L_DodgeNoDashMoreCharges,Shift in Thinking,,"<color=yellow>Distorting Sprint</color> no longer dashes, but gains 1<sprite=5> additional maximum charges.",,"<color=yellow>Distorting Sprint</color> no longer dashes, but gains {0} additional maximum charges.",,,,Life,Hero_Bismuth,2
Se_Star_Bismuth_L_SecondWindWithPenalty,Two Souls,,"When you take <color=yellow>Fatal damage</color>, you ignore that damage and become <color=yellow>Invulnerable</color> for 1<sprite=5> seconds. However, a random Memory is destroyed, and Identity Memories may also be destroyed. This can only occur once per game.",,"When you take <color=yellow>Fatal damage</color>, you ignore that damage and become <color=yellow>Invulnerable</color> for {0} seconds. However, a random Memory is destroyed, and Identity Memories may also be destroyed. This can only occur once per game.",,,,Life,Hero_Bismuth,3
Se_Star_Husk_D_AttackDamage,Purpose of My Existence,,Increases <color=yellow>Attack Damage</color> by 4<sprite=5>.,,Increases <color=yellow>Attack Damage</color> by {0}.,,,,Destruction,Hero_Husk,4
Se_Star_Husk_D_CritAmp,Dance of Death,,Increases <color=yellow>Critical Strike Damage</color> by 15%<sprite=5>.,,Increases <color=yellow>Critical Strike Damage</color> by {0}.,,,,Destruction,Hero_Husk,4
Se_Star_Husk_D_DamageAmpOnLowHpTarget,Merciless,,All damage dealt to enemies with Health below 35% is increased by 15%<sprite=5>.,,All damage dealt to enemies with Health below {0} is increased by {1}.,,"To one devoid of emotion, showing mercy to enemies is nothing but the height of inefficiency.",,Destruction,Hero_Husk,4
Se_Star_Husk_D_DamageOverTimeCritWithPenalty,Life Neglect,,"Reduces healing received by 30%, but when a <color=yellow>Critical Strike</color> lands, it deals additional damage equal to 15%<sprite=5> of the damage over 2 seconds.",,"Reduces healing received by {0}, but when a <color=yellow>Critical Strike</color> lands, it deals additional damage equal to {1} of the damage over {2} seconds.",,,,Destruction,Hero_Husk,4
Se_Star_Husk_D_DarkAttackWithPenalty,Soul Oil,,"Your Maximum Health is reduced by 15%, but your <color=yellow>Attack Speed</color> increases by 8%<sprite=5> and your basic attacks deal <color=yellow>Dark damage</color>.",,"Your Maximum Health is reduced by {0}, but your <color=yellow>Attack Speed</color> increases by {1} and your basic attacks deal <color=yellow>Dark damage</color>.",,,,Destruction,Hero_Husk,3
Se_Star_Husk_D_MovementSkillHaste,Soul Acceleration,,The <color=yellow>Cooldown</color> of all Dash and Teleport Memories is reduced by 10%<sprite=5>.,,The <color=yellow>Cooldown</color> of all Dash and Teleport Memories is reduced by {0}.,,,,Destruction,Hero_Husk,3
Se_Star_Husk_D_ScalingAdAndAtkSpd,"Perceive, Learn, Adapt",,"Gain 1.5<sprite=5> <color=yellow>Attack Damage</color> and 3%<sprite=5> <color=yellow>Attack Speed</color> each time you reach levels 5, 10, 15, and 20.",,"Gain {0} <color=yellow>Attack Damage</color> and {1} <color=yellow>Attack Speed</color> each time you reach levels 5, 10, 15, and 20.",,,,Destruction,Hero_Husk,4
Se_Star_Husk_F_AS_AddedDurationOnHit,Chained Bloodlust,,"During <color=yellow>Annihilation Stance</color>, each time your basic attack or sword energy hits an enemy, the duration increases by 0.2 seconds.",,"During <color=yellow>Annihilation Stance</color>, each time your basic attack or sword energy hits an enemy, the duration increases by {0} seconds.",,,,Flexible,Hero_Husk,1
Se_Star_Husk_F_AS_NonUltimate,Controlled Madness,,"<color=yellow>Annihilation Stance</color> becomes a regular ability with a 14 second cooldown. In this form, sword energy damage and attack damage bonuses are reduced by 40%. The stance lasts for 4 seconds and allows you to use other Memories while it is active.",,"<color=yellow>Annihilation Stance</color> becomes a regular ability with a {0} second cooldown. In this form, sword energy damage and attack damage bonuses are reduced by {1}. The stance lasts for {2} seconds and allows you to use other Memories while it is active.",,"After becoming an empty shell devoid of soul, he was able to control himself even more perfectly.",,Flexible,Hero_Husk,1
Se_Star_Husk_F_AS_NoShockwaveFasterAttack,Frenzied Blade Dance,,<color=yellow>Annihilation Stance</color> no longer fires sword energy but attacks 100% more frequently.,,<color=yellow>Annihilation Stance</color> no longer fires sword energy but attacks {0} more frequently.,,,,Flexible,Hero_Husk,1
Se_Star_Husk_F_LA_DodgeResetOnRed,Flow of Energy,,"<color=yellow>Laceration</color>'s cooldown increases by 1 seconds, but casting Red Form resets Flash Step's cooldown.",,"<color=yellow>Laceration</color>'s cooldown increases by {0} seconds, but casting Red Form resets Flash Step's cooldown.",,He surrenders to the flow and takes his steps—flawless and detached.,,Flexible,Hero_Husk,1
Se_Star_Husk_F_LA_QuickBlueForm,Rapid Draw,,"<color=yellow>Laceration</color>'s cooldown is reduced by 30% and Blue Form's cast time is reduced by 40%, but it no longer grants Invulnerability.",,"<color=yellow>Laceration</color>'s cooldown is reduced by {0} and Blue Form's cast time is reduced by {1}, but it no longer grants Invulnerability.",,,,Flexible,Hero_Husk,1
Se_Star_Husk_F_LA_SingleTargetCooldown,Precise Strike,,"If <color=yellow>Laceration</color> hits only one target, its cooldown is reduced by 30%.",,"If <color=yellow>Laceration</color> hits only one target, its cooldown is reduced by {0}.",,,,Flexible,Hero_Husk,1
Se_Star_Husk_I_BossKillPlatinumCoin,Bounty,,"When you defeat a boss, you have a 30%<sprite=5> chance to obtain a <color=yellow>Platinum Coin</color>. This coin can refresh the Merchant's inventory.",,"When you defeat a boss, you have a {0} chance to obtain a <color=yellow>Platinum Coin</color>. This coin can refresh the Merchant's inventory.",,,,Imagination,Hero_Husk,2
Se_Star_Husk_I_ShopIntimidation,Creepy One-Eyed Doll,,"<color=yellow>Intimidate</color> Merchants to lower item prices. If you succeed (50% chance), the Gold price is reduced by 50%<sprite=5>. If you fail, it increases by 50%.",,"<color=yellow>Intimidate</color> Merchants to lower item prices. If you succeed ({0} chance), the Gold price is reduced by {1}. If you fail, it increases by {2}.",,"He believes intimidation is the most efficient and convenient method. Of course, it doesn't work on the braver Jonas.",,Imagination,Hero_Husk,3
Se_Star_Husk_L_DodgeChargesAndRangeWithPenalty,Gunpowder Propelled Leap,,"<color=yellow>Flash Step</color>'s cooldown increases by 1 seconds, but its maximum charges increase by 1 and its travel distance increases by 10%<sprite=5>.",,"<color=yellow>Flash Step</color>'s cooldown increases by {0} seconds, but its maximum charges increase by {1} and its travel distance increases by {2}.",,,,Life,Hero_Husk,3
Se_Star_Husk_L_DodgeCooldownOnKillOrAttack,Complete Immersion,,"When you kill an enemy or perform a basic attack on a boss, <color=yellow>Flash Step</color>'s cooldown is reduced by 10%<sprite=5>.",,"When you kill an enemy or perform a basic attack on a boss, <color=yellow>Flash Step</color>'s cooldown is reduced by {0}.",,,,Life,Hero_Husk,4
Se_Star_Husk_L_DodgeCooldownOnKillWithEmptyCharges,Transcendence,,"<color=yellow>Flash Step</color> cooldown is increased by 1 seconds. When you have no <color=yellow>Flash Step</color> charges and kill an enemy, its current cooldown is reduced by 40%<sprite=5>.",,"<color=yellow>Flash Step</color> cooldown is increased by {0} seconds. When you have no <color=yellow>Flash Step</color> charges and kill an enemy, its current cooldown is reduced by {1}.",,"A puppet's body freed from emotional chains, efficient and perfect movements, and the center of a sea of blood.",,Life,Hero_Husk,2
Se_Star_Husk_L_FatalHitProtectionWithPenalty,Emergency Repair,,"When you take <color=yellow>Fatal damage</color>, you ignore that damage and become <color=yellow>Invulnerable</color> for 1<sprite=5> seconds, but your Maximum Health is reduced by 15%. This can only occur once per game.",,"When you take <color=yellow>Fatal damage</color>, you ignore that damage and become <color=yellow>Invulnerable</color> for {0} seconds, but your Maximum Health is reduced by {1}. This can only occur once per game.",,,,Life,Hero_Husk,3
Se_Star_Lacerta_D_AbilityPower,Lizard's Intellect,,Increases <color=yellow>Ability Power</color> by 4<sprite=5>.,,Increases <color=yellow>Ability Power</color> by {0}.,,,,Destruction,Hero_Lacerta,3
Se_Star_Lacerta_D_AttackDamage,Premium Gunpowder,,Increases <color=yellow>Attack Damage</color> by 4<sprite=5>.,,Increases <color=yellow>Attack Damage</color> by {0}.,,,,Destruction,Hero_Lacerta,3
Se_Star_Lacerta_D_AttackRange,Improvised Scope,,Increases <color=yellow>Attack Range</color> by 0.5<sprite=5>m.,,Increases <color=yellow>Attack Range</color> by {0}m.,,,,Destruction,Hero_Lacerta,3
Se_Star_Lacerta_D_AttackSpeed,Loading Mastery,,Increases <color=yellow>Attack Speed</color> by 6%<sprite=5>.,,Increases <color=yellow>Attack Speed</color> by {0}.,,,,Destruction,Hero_Lacerta,3
Se_Star_Lacerta_F_HC_KnockbackAndSlow,Dirty Gunpowder,,<color=yellow>Hand Cannon</color> always knocks enemies back and reduces their <color=yellow>Movement Speed</color> by 75% for 4 seconds.,,<color=yellow>Hand Cannon</color> always knocks enemies back and reduces their <color=yellow>Movement Speed</color> by {0} for {1} seconds.,,,,Flexible,Hero_Lacerta,1
Se_Star_Lacerta_F_HC_NearDamage,Barasus's Fury,,Increases the damage dealt by <color=yellow>Hand Cannon</color> to nearby enemies by 150%.,,Increases the damage dealt by <color=yellow>Hand Cannon</color> to nearby enemies by {0}.,,"He never forgot that overwhelming power he witnessed from afar. And finally, he recreated it with his own hands.",,Flexible,Hero_Lacerta,1
Se_Star_Lacerta_F_IR_AoEDamage,Explosive Ammunition,,"<color=yellow>Incendiary Rounds</color> explode, damaging nearby enemies.",,"<color=yellow>Incendiary Rounds</color> explode, damaging nearby enemies.",,,,Flexible,Hero_Lacerta,1
Se_Star_Lacerta_F_IR_MoreShots,Cartridge Belt,,"<color=yellow>Incendiary Rounds</color>'s cooldown increases by 2 seconds, but the number of bullets fired also increases by 2.",,"<color=yellow>Incendiary Rounds</color>'s cooldown increases by {0} seconds, but the number of bullets fired also increases by {1}.",,,,Flexible,Hero_Lacerta,1
Se_Star_Lacerta_F_PS_ChargeSpeed,Seasoned Aim,,<color=yellow>Precision Shot</color>'s charge speed increases by 33%.,,<color=yellow>Precision Shot</color>'s charge speed increases by {0}.,,,,Flexible,Hero_Lacerta,1
Se_Star_Lacerta_F_PS_CooldownReset,Special Operation,,"<color=yellow>Precision Shot</color>'s width decreases by 60%, but killing an enemy with the shot <color=yellow>resets</color> the <color=yellow>cooldown</color>.",,"<color=yellow>Precision Shot</color>'s width decreases by {0}, but killing an enemy with the shot <color=yellow>resets</color> the <color=yellow>cooldown</color>.",,,,Flexible,Hero_Lacerta,1
Se_Star_Lacerta_F_PS_SlowerStronger,No Such Thing as Overkill,,"<color=yellow>Precision Shot</color>'s charge speed decreases by 40%, but its damage increases by 50% and width by 30%.",,"<color=yellow>Precision Shot</color>'s charge speed decreases by {0}, but its damage increases by {1} and width by {2}.",,,,Flexible,Hero_Lacerta,1
Se_Star_Lacerta_F_QT_AddedCharges,Quick Reload,,"<color=yellow>Quick Draw</color>'s cooldown increases by 3 seconds, but it now recharges all at once.",,"<color=yellow>Quick Draw</color>'s cooldown increases by {0} seconds, but it now recharges all at once.",,,,Flexible,Hero_Lacerta,1
Se_Star_Lacerta_F_QT_AttackEffect,Dream Ammunition,,<color=yellow>Quick Draw</color> triggers <color=yellow>attack effects</color>.,,<color=yellow>Quick Draw</color> triggers <color=yellow>attack effects</color>.,,,,Flexible,Hero_Lacerta,1
Se_Star_Lacerta_F_QT_RapidFire,Indiscriminate Barrage,,"<color=yellow>Quick Draw</color>'s charge count is reduced by 1, but it fires 6 shots.",,"<color=yellow>Quick Draw</color>'s charge count is reduced by 1, but it fires 6 shots.",,,,Flexible,Hero_Lacerta,1
Se_Star_Lacerta_I_BonusFromStones,Rewarding Collection,,Breaking <color=yellow>Gold Shards</color> or <color=yellow>Dream Dust Shards</color> grants an additional 6<sprite=5> Gold and Dream Dust.,,Breaking <color=yellow>Gold Shards</color> or <color=yellow>Dream Dust Shards</color> grants an additional {0} Gold and Dream Dust.,,,,Imagination,Hero_Lacerta,4
Se_Star_Lacerta_I_BossBounty,Wild Monster Hunter,,Gain an additional 45<sprite=5> Gold each time you defeat a <color=yellow>Boss</color>.,,Gain an additional {0} Gold each time you defeat a <color=yellow>Boss</color>.,,"<i>""Killing Monsters""</i>",,Imagination,Hero_Lacerta,3
Se_Star_Lacerta_I_ShopDiscount,Skilled Negotiator,,The <color=yellow>Gold price</color> of items sold by <color=yellow>Merchants</color> is reduced by 10%<sprite=5>.,,The <color=yellow>Gold price</color> of items sold by <color=yellow>Merchants</color> is reduced by {0}.,,,,Imagination,Hero_Lacerta,4
Se_Star_Lacerta_I_ShopMoreItemsWithPenalty,Northern Lizardman Bargaining,,"The <color=yellow>Gold price</color> of items sold by some <color=yellow>Merchants</color> is increased by 50%<sprite=5>, but they offer 2 additional items for sale.",,"The <color=yellow>Gold price</color> of items sold by some <color=yellow>Merchants</color> is increased by {0}, but they offer 2 additional items for sale.",,"Northern Lizardmen usually have the upper hand in negotiations. Their unique coolness and logic play a part, but their emotionless eyes are simply too intimidating.",,Imagination,Hero_Lacerta,3
Se_Star_Lacerta_L_DodgeCharges,Lizard Oil,,"<color=yellow>Dodge skill</color>'s cooldown increases by 1.5<sprite=5> seconds, but it gains 1 additional charge.",,"<color=yellow>Dodge skill</color>'s cooldown increases by {0} seconds, but it gains 1 additional charge.",,,,Life,Hero_Lacerta,3
Se_Star_Lacerta_L_SpeedAfterDodge,Flexible Lizard,,Using <color=yellow>Dodge</color> increases your Movement Speed by 20%<sprite=5> for 1.5 seconds.,,Using <color=yellow>Dodge</color> increases your Movement Speed by {0} for {1} seconds.,,The Lizardman's remarkably flexible body is a tremendous asset in maintaining effective firing angles in any situation.,,Life,Hero_Lacerta,3
Se_Star_Mist_I_CamillasGift,Camilla's Gift,,"You begin your adventure with <color=yellow>Camilla's Gift</color>. Camilla's Gift sells for 100<sprite=5> and increases in value by 200<sprite=5> each time you enter a new world. However, if enemy damage drops your health below 50%, the gift is destroyed.",,"You begin your adventure with <color=yellow>Camilla's Gift</color>. Camilla's Gift sells for {0} and increases in value by {1} each time you enter a new world. However, if enemy damage drops your health below {2}, the gift is destroyed.",,"The kindness of her patron, Camilla, was never one-sided. Surely, she remains a cherished bond for Mist as well.",,Imagination,Hero_Mist,3
Se_Star_Mist_L_PotionShield,Honey-Glazed Fruit,,<color=yellow>Health Potions</color> grant a Barrier equal to 50%<sprite=5> of the healing provided.,,<color=yellow>Health Potions</color> grant a Barrier equal to {0} of the healing provided.,,,,Life,Hero_Mist,3
Se_Star_Mist_D_AttackDamage,Astrid's Smithing,,Increases <color=yellow>Attack Damage</color> by 3<sprite=5>.,,Increases <color=yellow>Attack Damage</color> by {0}.,,A younger sister's earnest prayers for her elder sister's safety are infused into the blade along with the sound of tempering.,,Destruction,Hero_Mist,4
Se_Star_Mist_D_BonusOnDash,Strike the Weakness!,,"After <color=yellow>dash</color> or <color=yellow>teleport</color>, gain 5<sprite=5> Attack Damage and 10%<sprite=5> Critical Strike Chance for 2.5 seconds.",,"After <color=yellow>dash</color> or <color=yellow>teleport</color>, gain {0} Attack Damage and {1} Critical Strike Chance for {2} seconds.",,,,Destruction,Hero_Mist,3
Se_Star_Mist_D_BossDamageOnHighHp,Duelist's Focus,,"When your Health is above 90%, all damage dealt to <color=yellow>any Boss</color> is increased by 20%<sprite=5>.",,"When your Health is above {0}, all damage dealt to <color=yellow>any Boss</color> is increased by {1}.",,,,Destruction,Hero_Mist,4
Se_Star_Mist_D_HunterDamage,"Finally, A Worthy Opponent",,All damage dealt to <color=yellow>Hunters</color> is increased by 20%<sprite=5>.,,All damage dealt to <color=yellow>Hunters</color> is increased by {0}.,,"She has never lost a single duel, whether secret or official.",,Destruction,Hero_Mist,3
Se_Star_Mist_D_ScalingAD,Dream-Infused Saber,,"Gain 2<sprite=5> <color=yellow>Attack Damage</color> each time you reach levels 5, 10, 15, and 20.",,"Gain {0} <color=yellow>Attack Damage</color> each time you reach levels 5, 10, 15, and 20.",,,,Destruction,Hero_Mist,4
Se_Star_Mist_F_FL_DecreasedCooldownAndCharge,Blooming Dream,,"<color=yellow>Flèche</color> comes with 2 fewer charges, but its cooldown is reduced by 6 seconds.",,"<color=yellow>Flèche</color> comes with {0} fewer charges, but its cooldown is reduced by {1} seconds.",,,,Flexible,Hero_Mist,1
Se_Star_Mist_F_FL_Lightning,Lightning Breath,,"<color=yellow>Flèche</color>'s damage is converted to Light damage, and you teleport instead of dashing.",,"<color=yellow>Flèche</color>'s damage is converted to Light damage, and you teleport instead of dashing.",,,,Flexible,Hero_Mist,1
Se_Star_Mist_F_FL_MaxRangeExplosion,Coup de Grâce,,"When <color=yellow>Flèche</color> hits at maximum range, its damage is increased by 80% and it explodes, damaging a wide area.",,"When <color=yellow>Flèche</color> hits at maximum range, its damage is increased by {0} and it explodes, damaging a wide area.",,,,Flexible,Hero_Mist,1
Se_Star_Mist_F_LG_IncreasedCooldownReduction,Cutting Through Wind,,"<color=yellow>Lunge</color> deals 50% reduced damage, but you gain 100% increased cooldown reduction when Astrid's Masterpiece triggers.",,"<color=yellow>Lunge</color> deals {0} reduced damage, but you gain {1} increased cooldown reduction when Astrid's Masterpiece triggers.",,,,Flexible,Hero_Mist,1
Se_Star_Mist_F_LG_RangeAndSpeed,West Wind,,Increases the cast range of <color=yellow>Lunge</color> by 33%.,,Increases the cast range of <color=yellow>Lunge</color> by {0}.,,,,Flexible,Hero_Mist,1
Se_Star_Mist_F_LG_SingleTarget,Focused Strike,,"<color=yellow>Lunge</color> now hits only a single target, but its cooldown is reduced by 1.5 seconds and its damage is increased by 100%. It also knocks back enemies.",,"<color=yellow>Lunge</color> now hits only a single target, but its cooldown is reduced by {0} seconds and its damage is increased by {1}. It also knocks back enemies.",,,,Flexible,Hero_Mist,1
Se_Star_Mist_F_PR_AllDirections,Wide Vision,,"<color=yellow>Parry</color>'s cooldown is increased by 1.5 seconds, but you can parry attacks from all directions.",,"<color=yellow>Parry</color>'s cooldown is increased by {0} seconds, but you can parry attacks from all directions.",,,,Flexible,Hero_Mist,1
Se_Star_Mist_F_PR_PerfectParry,The Best Offense is Defense,,"<color=yellow>Parry</color>'s cooldown is reduced by 4 seconds, but the effective parry window is reduced by 40%.",,"<color=yellow>Parry</color>'s cooldown is reduced by {0} seconds, but the effective parry window is reduced by {1}.",,She never rushes. The most crucial opportunity comes the moment her opponent strikes.,,Flexible,Hero_Mist,1
Se_Star_Mist_F_PR_ShieldAndCrit,Charged Saber,,"After successfully <color=yellow>Parrying</color>, your next attack becomes a critical strike, and you gain a shield equal to 250% of the parried damage that decays over 4 seconds. The shield's duration increases by 0.5 seconds each time you enhance Parry.",,"After successfully <color=yellow>Parrying</color>, your next attack becomes a critical strike, and you gain a shield equal to {0} of the parried damage that decays over {1} seconds. The shield's duration increases by {2} seconds each time you enhance Parry.",,,,Flexible,Hero_Mist,1
Se_Star_Mist_F_UD_ExplosionDamage,Determined Explosion,,"<color=yellow>Unbreakable Determination</color>'s duration is reduced by 30%, but the intial explosion's damage is increased by 200%.",,"<color=yellow>Unbreakable Determination</color>'s duration is reduced by {0}, but the intial explosion's damage is increased by {1}.",,,,Flexible,Hero_Mist,1
Se_Star_Mist_F_UD_HealLostHealth,Two Hearts,,Casting <color=yellow>Unbreakable Determination</color> restores 35% of missing Health.,,Casting <color=yellow>Unbreakable Determination</color> restores {0} of missing Health.,,,,Flexible,Hero_Mist,1
Se_Star_Mist_I_BonusOnCatPet,Cat Lover,,Gain 800<sprite=5> Gold and 800<sprite=5> Dream Dust when petting a <color=yellow>Cat</color>.,,Gain {0} Gold and {1} Dream Dust when petting a <color=yellow>Cat</color>.,,,,Imagination,Hero_Mist,2
Se_Star_Mist_I_StartGoldWithPenalty,Noble Lineage,,"You begin your adventure with 150<sprite=5> <color=yellow>Gold</color>, but the Gold price of Merchant items is increased by 10%.",,"You begin your adventure with {0} <color=yellow>Gold</color>, but the Gold price of Merchant items is increased by {1}.",,"Though the Verdesilver family has fallen, her nobility remains untarnished.",,Imagination,Hero_Mist,4
Se_Star_Mist_L_AddedDodgeWithPenalty,Light Armament,,"Damage taken from enemies is increased by 25%<sprite=5>, but you gain 1 additional charge for your <color=yellow>Dodge</color>.",,"Damage taken from enemies is increased by {0}, but you gain 1 additional charge for your <color=yellow>Dodge</color>.",,,,Life,Hero_Mist,3
Se_Star_Mist_L_ArmorWithPenalty,Plate Pauldrons,,"Your <color=yellow>Armor</color> is increased by 15<sprite=5>, but this effect disappears for 8 seconds when you take damage from enemies.",,"Your <color=yellow>Armor</color> is increased by {0}, but this effect disappears for {1} seconds when you take damage from enemies.",,,,Life,Hero_Mist,4
Se_Star_Mist_L_DodgeCooldownWithPenalty,Balestra,,"Your <color=yellow>Dodge</color> has 1 fewer maximum charge, but its cooldown is reduced by 0.8<sprite=5> seconds.",,"Your <color=yellow>Dodge</color> has 1 fewer maximum charge, but its cooldown is reduced by {0} seconds.",,,,Life,Hero_Mist,3
Se_Star_Mist_L_MovSpeed,Light as a Feather,,"<color=yellow>Movement Speed</color> is increased by 3%<sprite=5>. When your Health is above 90%, this effect is increased by 50%.",,"<color=yellow>Movement Speed</color> is increased by {0}. When your Health is above {1}, this effect is increased by {2}.",,,,Life,Hero_Mist,4
Se_Star_Nachia_D_AbilityPower,Guardian of Order,,Increases <color=yellow>Ability Power</color> by 4<sprite=5>.,,Increases <color=yellow>Ability Power</color> by {0}.,,"The order of the forest is simple and clear: life, death, and the cycle.",,Destruction,Hero_Nachia,4
Se_Star_Nachia_D_CanineLover,Dog Lover,,"When a canine monster or summon dies nearby, Nachia becomes enraged for 5 seconds, increasing her <color=yellow>Attack Speed</color> by 15%<sprite=5>. However, Nachia's damage to canine monsters is reduced by 30%.",,"When a canine monster or summon dies nearby, Nachia becomes enraged for {0} seconds, increasing her <color=yellow>Attack Speed</color> by {1}. However, Nachia's damage to canine monsters is reduced by {2}.",,She believes there are no bad dogs in this world.,,Destruction,Hero_Nachia,3
Se_Star_Nachia_D_SkillHaste,Gentle Breeze,,Increases <color=yellow>Memory Haste</color> by 5<sprite=5>.,,Increases <color=yellow>Memory Haste</color> by {0}.,,,,Destruction,Hero_Nachia,4
Se_Star_Nachia_D_SummonAtkSpd,Enhanced Ferocity,,Increases the <color=yellow>Attack Speed</color> of all summons by 9%<sprite=5>.,,Increases the <color=yellow>Attack Speed</color> of all summons by {0}.,,,,Destruction,Hero_Nachia,4
Se_Star_Nachia_F_MP_NachiaHeal,Pact of Destiny,,Nachia also receives 50% of the healing from <color=yellow>Moonlight Pact</color>'s cast effect.,,Nachia also receives {0} of the healing from <color=yellow>Moonlight Pact</color>'s cast effect.,,,,Flexible,Hero_Nachia,1
Se_Star_Nachia_F_MP_NoJump,Death Waltz,,"<color=yellow>Moonlight Pact</color>'s charge count increases by 1, but on cast, Fenrir instantly slashes a wide circular area instead of leaping.",,"<color=yellow>Moonlight Pact</color>'s charge count increases by {0}, but on cast, Fenrir instantly slashes a wide circular area instead of leaping.",,,,Flexible,Hero_Nachia,1
Se_Star_Nachia_F_MP_StrongerFenrirNoCast,Lone Wolf,,"You can no longer cast <color=yellow>Moonlight Pact</color>, but Fenrir's Armor increases by 60 and his basic attack damage increases by 30%.",,"You can no longer cast <color=yellow>Moonlight Pact</color>, but Fenrir's Armor increases by {0} and his basic attack damage increases by {1}.",,,,Flexible,Hero_Nachia,1
Se_Star_Nachia_F_NW_LessCooldownLessAtkSpd,Micro-managing,,"<color=yellow>Nature's Whisper</color>'s cooldown is reduced by 80%, but the Attack Speed bonus is also reduced by 50%.",,"<color=yellow>Nature's Whisper</color>'s cooldown is reduced by {0}, but the Attack Speed bonus is also reduced by {1}.",,,,Flexible,Hero_Nachia,1
Se_Star_Nachia_F_NW_MovSpeed,Fetch!,,Targets also gain Movement Speed equal to 80% of the Attack Speed bonus from <color=yellow>Nature's Whisper</color>.,,Targets also gain Movement Speed equal to {0} of the Attack Speed bonus from <color=yellow>Nature's Whisper</color>.,,,,Flexible,Hero_Nachia,1
Se_Star_Nachia_F_NW_Teleport,Nature's Command,,<color=yellow>Nature's Whisper</color> instantly teleports summons to the target location.,,<color=yellow>Nature's Whisper</color> instantly teleports summons to the target location.,,,,Flexible,Hero_Nachia,1
Se_Star_Nachia_F_SB_DurationBonus,Merciful Blessing,,Increases the duration of <color=yellow>Serpent's Blessing</color> by 4 seconds.,,Increases the duration of <color=yellow>Serpent's Blessing</color> by {0} seconds.,,,,Flexible,Hero_Nachia,1
Se_Star_Nachia_F_SB_SecondWind,Immortal Protection,,"When an ally affected by <color=yellow>Serpent's Blessing</color> would take lethal damage, the blessing is immediately removed instead and they recover 50% of their Maximum Health.",,"When an ally affected by <color=yellow>Serpent's Blessing</color> would take lethal damage, the blessing is immediately removed instead and they recover {0} of their Maximum Health.",,,,Flexible,Hero_Nachia,1
Se_Star_Nachia_F_SB_StrongerBuffNoSelf,Serpent's Love,,"<color=yellow>Serpent's Blessing</color>'s Attack Speed bonus increases by 50%, but it no longer buffs yourself when targeting an ally.",,"<color=yellow>Serpent's Blessing</color>'s Attack Speed bonus increases by {0}, but it no longer buffs yourself when targeting an ally.",,,,Flexible,Hero_Nachia,1
Se_Star_Nachia_F_SC_AtkEffect,Sharp Claws,,The Leaf Hounds from <color=yellow>Sylvan Call</color> trigger 30% attack effects with their basic attacks.,,The Leaf Hounds from <color=yellow>Sylvan Call</color> trigger {0} attack effects with their basic attacks.,,Regular nail trimming is essential for any good dog.,,Flexible,Hero_Nachia,1
Se_Star_Nachia_F_SC_AtkSpd,Accelerated Life,,"Leaf Hounds from <color=yellow>Sylvan Call</color> have a shorter duration by 3 seconds, but their Attack Speed increases by 50% for 5 seconds after being summoned.",,"Leaf Hounds from <color=yellow>Sylvan Call</color> have a shorter duration by {0} seconds, but their Attack Speed increases by {1} for {2} seconds after being summoned.",,,,Flexible,Hero_Nachia,1
Se_Star_Nachia_F_SC_MoreSummons,More Hounds!,,"The duration of <color=yellow>Sylvan Call</color> Leaf Hounds is reduced by 3 seconds, but the maximum charge count increases by 1 and the maximum number of summons also increases by 1.",,"The duration of <color=yellow>Sylvan Call</color> Leaf Hounds is reduced by {0} seconds, but the maximum charge count increases by {1} and the maximum number of summons also increases by {2}.",,,,Flexible,Hero_Nachia,1
Se_Star_Nachia_I_ForestKillDreamDust,Reaping Life,,Increases Movement Speed by 8%<sprite=5> in the <color=yellow>Forest of Turbulence</color> and grants 0.5<sprite=5> Dream Dust for each enemy killed.,,Increases Movement Speed by {0} in the <color=yellow>Forest of Turbulence</color> and grants {1} Dream Dust for each enemy killed.,,,,Imagination,Hero_Nachia,3
Se_Star_Nachia_I_ForestShopDiscount,Long Time No See! Miss Me?,,The Gold price of items sold by merchants in the <color=yellow>Forest of Turbulence</color> is reduced by 30%<sprite=5>.,,The Gold price of items sold by merchants in the <color=yellow>Forest of Turbulence</color> is reduced by {0}.,,,,Imagination,Hero_Nachia,3
Se_Star_Nachia_I_ForestStartDreamDust,Refreshing Morning Dew,,Gain 100<sprite=5> Dream Dust each time you visit the <color=yellow>Forest of Turbulence</color>.,,Gain {0} Dream Dust each time you visit the <color=yellow>Forest of Turbulence</color>.,,,,Imagination,Hero_Nachia,3
Se_Star_Nachia_I_SummonKillGold,Hunting Training,,"When a <color=yellow>summon</color> kills an enemy with a basic attack, there's a 25% chance to gain 2<sprite=5> additional Gold.",,"When a <color=yellow>summon</color> kills an enemy with a basic attack, there's a {0} chance to gain {1} additional Gold.",,,,Imagination,Hero_Nachia,3
Se_Star_Nachia_L_AllyUnstoppable,Bestow Willpower,,"When you apply a buff to an ally, they become <color=yellow>Unstoppable</color> for 1.5<sprite=5> seconds. This effect has a cooldown of 5 seconds per target.",,"When you apply a buff to an ally, they become <color=yellow>Unstoppable</color> for {0} seconds. This effect has a cooldown of {1} seconds per target.",,,,Life,Hero_Nachia,3
Se_Star_Nachia_L_HealAndShieldAmp,Life is Sacred,,"Increases the <color=yellow>healing</color> and <color=yellow>Barrier</color> you give to yourself by 5%<sprite=5>, and to allies by 15%<sprite=5>.",,"Increases the <color=yellow>healing</color> and <color=yellow>Barrier</color> you give to yourself by {0}, and to allies by {1}.",,,,Life,Hero_Nachia,3
Se_Star_Nachia_L_SelfWaltz,Waltz Practice,,The buffs from <color=yellow>Dreamy Waltz</color> also apply to yourself at 50%<sprite=5> effectiveness.,,The buffs from <color=yellow>Dreamy Waltz</color> also apply to yourself at {0} effectiveness.,,,,Life,Hero_Nachia,3
Se_Star_Nachia_L_SummonBonus,Steadfast Bond,,"When Nachia's summons are nearby, her <color=yellow>Armor</color> increases by 6<sprite=5> and the <color=yellow>healing</color> and <color=yellow>Barrier</color> she gives to her summons increase by 15%<sprite=5>.",,"When Nachia's summons are nearby, her <color=yellow>Armor</color> increases by {0} and the <color=yellow>healing</color> and <color=yellow>Barrier</color> she gives to her summons increase by {1}.",,,,Life,Hero_Nachia,4
Se_Star_Nachia_L_WaltzArmor,Protective Dance,,"<color=yellow>Dreamy Waltz</color>'s cooldown increases by 2.2<sprite=5> seconds, but its effect range is increased by 25% and the target's Armor increases by 50.",,"<color=yellow>Dreamy Waltz</color>'s cooldown increases by {0} seconds, but its effect range is increased by {1} and the target's Armor increases by {2}.",,"Wherever she goes, birds, beasts, and pure spirits gather around her, creating a small sanctuary of peace.",,Life,Hero_Nachia,4
Se_Star_Nachia_L_WaltzDurationWithPenalty,Impressive Dance Steps,,"<color=yellow>Dreamy Waltz</color>'s charge count decreases by 1, but the duration of its buffs increases by 50%<sprite=5>.",,"<color=yellow>Dreamy Waltz</color>'s charge count decreases by {0}, but the duration of its buffs increases by {1}.",,,,Life,Hero_Nachia,3
Se_Star_Vesper_D_ADWithNearbyBurning,Solar Praise,,"Increases <color=yellow>Attack Damage</color> by 10%<sprite=5> when there are campfires, lava, or burning enemies or allies nearby.",,"Increases <color=yellow>Attack Damage</color> by {0} when there are campfires, lava, or burning enemies or allies nearby.",,,,Destruction,Hero_Vesper,4
Se_Star_Vesper_D_AtkSpd,Pulverizer,,Increases <color=yellow>Attack Speed</color> by 9%<sprite=5>.,,Increases <color=yellow>Attack Speed</color> by {0}.,,His sacred hammer is perfectly suited for pounding someone into submission.,,Destruction,Hero_Vesper,4
Se_Star_Vesper_D_AtkSpdWithPenalty,Reckless Fury,,Maximum Health is reduced by 20% but <color=yellow>Attack Speed</color> is increased by 10%<sprite=5>.,,Maximum Health is reduced by {0} but <color=yellow>Attack Speed</color> is increased by {1}.,,,,Destruction,Hero_Vesper,3
Se_Star_Vesper_D_BossHunterAmpWithPenalty,Grand Purpose,,Maximum Health is reduced by 10% but <color=yellow>Light damage</color> and <color=yellow>Fire damage</color> dealt to Bosses and Hunters is increased by 20%<sprite=5>.,,Maximum Health is reduced by {0} but <color=yellow>Light damage</color> and <color=yellow>Fire damage</color> dealt to Bosses and Hunters is increased by {1}.,,,,Destruction,Hero_Vesper,3
Se_Star_Vesper_D_ConvertAPToAD,Hammer of Divinity,,Gain <color=yellow>Attack Damage</color> equal to 25%<sprite=5> of your <color=yellow>Ability Power</color>.,,Gain <color=yellow>Attack Damage</color> equal to {0} of your <color=yellow>Ability Power</color>.,,,,Destruction,Hero_Vesper,4
Se_Star_Vesper_F_BS_AddedDurationPerAtk,Endless Hammering,,Each basic attack during <color=yellow>Baptism of the Sun</color> extends its <color=yellow>duration</color> by 0.2 seconds.,,Each basic attack during <color=yellow>Baptism of the Sun</color> extends its <color=yellow>duration</color> by {0} seconds.,,,,Flexible,Hero_Vesper,1
Se_Star_Vesper_F_BS_ADWithArmor,"No Pain, No Gain",,"<color=yellow>Baptism of the Sun</color> grants <color=yellow>Attack Damage</color> instead of Attack Speed by the same amount, and grants 10 <color=yellow>Armor</color> for each enemy hit by the initial explosion. Hitting a boss grants 40 Armor instead.",,"<color=yellow>Baptism of the Sun</color> grants <color=yellow>Attack Damage</color> instead of Attack Speed by the same amount, and grants {0} <color=yellow>Armor</color> for each enemy hit by the initial explosion. Hitting a boss grants {1} Armor instead.",,,,Flexible,Hero_Vesper,1
Se_Star_Vesper_F_BS_MovSpd,Invigorating Heat,,<color=yellow>Baptism of the Sun</color> grants <color=yellow>Movement Speed</color> equal to 50% of the Attack Speed bonus.,,<color=yellow>Baptism of the Sun</color> grants <color=yellow>Movement Speed</color> equal to {0} of the Attack Speed bonus.,,Sweat makes the muscles shine even brighter.,,Flexible,Hero_Vesper,1
Se_Star_Vesper_F_CS_ColdDamage,Cold Fury,,"<color=yellow>Cruel Sun</color>'s damage is converted to Cold damage, the stun duration is increased by 2 seconds, and the Armor it grants is increased by 50%.",,"<color=yellow>Cruel Sun</color>'s damage is converted to Cold damage, the stun duration is increased by {0} seconds, and the Armor it grants is increased by {1}.",,,,Flexible,Hero_Vesper,1
Se_Star_Vesper_F_CS_LingeringBenefits,Embers,,The Unstoppable status and Armor bonus from <color=yellow>Cruel Sun</color> persist for 2.5 seconds after channeling ends.,,The Unstoppable status and Armor bonus from <color=yellow>Cruel Sun</color> persist for {0} seconds after channeling ends.,,,,Flexible,Hero_Vesper,1
Se_Star_Vesper_F_CS_UnlockMoveWithPenalty,Pride Flare,,"Increases <color=yellow>Cruel Sun</color>'s damage by 25% and allows you to move while channeling, but you no longer gain an Armor bonus.",,"Increases <color=yellow>Cruel Sun</color>'s damage by {0} and allows you to move while channeling, but you no longer gain an Armor bonus.",,He believes himself closer to the divine than most. But to dismiss it as mere arrogance—he is far too powerful for that.,,Flexible,Hero_Vesper,1
Se_Star_Vesper_F_DP_FarTargetBonus,Momentum,,"Reduces Maximum Health by 15%, but increases <color=yellow>Discipline</color>'s cast range by 30%. The farther you are from your target, the more your damage and radius increase, up to 100% and 50%.",,"Reduces Maximum Health by {0}, but increases <color=yellow>Discipline</color>'s cast range by {1}. The farther you are from your target, the more your damage and radius increase, up to {2} and {3}.",,,,Flexible,Hero_Vesper,1
Se_Star_Vesper_F_DP_PointCast,Reckless Leap,,Increases <color=yellow>Discipline</color>'s damage radius by 20% and allows it to be cast without a target.,,Increases <color=yellow>Discipline</color>'s damage radius by {0} and allows it to be cast without a target.,,,,Flexible,Hero_Vesper,1
Se_Star_Vesper_F_DP_SwitchToMelee,Face-to-Face Judgment,,"Reduces <color=yellow>Discipline</color>'s cast range by 50%, but grants 1 additional charges and stuns hit enemies for 1 seconds.",,"Reduces <color=yellow>Discipline</color>'s cast range by {0}, but grants {1} additional charges and stuns hit enemies for {2} seconds.",,,,Flexible,Hero_Vesper,1
Se_Star_Vesper_F_SE_FullOffense,Total Offensive,,"Increases the Attack Speed bonus for allies affected by <color=yellow>El's Sanctuary</color> by 50%, and reduces the number of basic attacks needed to trigger the 4th basic attack effect by 1. Does not grant Barrier, Armor, or Unstoppable effects.",,"Increases the Attack Speed bonus for allies affected by <color=yellow>El's Sanctuary</color> by {0}, and reduces the number of basic attacks needed to trigger the 4th basic attack effect by {1}. Does not grant Barrier, Armor, or Unstoppable effects.",,,,Flexible,Hero_Vesper,1
Se_Star_Vesper_F_SE_Invulnerability,Sacred Ground,,"Reduces <color=yellow>El's Sanctuary</color>'s duration by 50%, but grants Invulnerability to allies.",,"Reduces <color=yellow>El's Sanctuary</color>'s duration by {0}, but grants Invulnerability to allies.",,,,Flexible,Hero_Vesper,1
Se_Star_Vesper_F_SE_PointCast,A Touch of Altruism,,Summons <color=yellow>El's Sanctuary</color> at a target location instead of Vesper's position. The cooldown is reduced by 10% for each ally and 3% for each enemy hit by the initial blast.,,Summons <color=yellow>El's Sanctuary</color> at a target location instead of Vesper's position. The cooldown is reduced by {0} for each ally and {1} for each enemy hit by the initial blast.,,Vesper has a surprisingly soft spot for children. Perhaps an echo of his own troubled childhood?,,Flexible,Hero_Vesper,1
Se_Star_Vesper_I_ShopDiscount,Overwhelming Presence,,The <color=yellow>Gold price</color> of items sold by Merchants is reduced by 10%<sprite=5>.,,The <color=yellow>Gold price</color> of items sold by Merchants is reduced by {0}.,,"Everyone has a plan. That is, until they meet him face to face.",,Imagination,Hero_Vesper,4
Se_Star_Vesper_I_StartGold,War Chest,,Gain 100<sprite=5> <color=yellow>Gold</color> at the start of your adventure.,,Gain {0} <color=yellow>Gold</color> at the start of your adventure.,,,,Imagination,Hero_Vesper,3
Se_Star_Vesper_L_Armor,Trial Survivor,,Increases <color=yellow>Armor</color> by 6<sprite=5>.,,Increases <color=yellow>Armor</color> by {0}.,,The Order made him walk barefoot through blazing fire and scoop up boiling oil with his bare hands.,,Life,Hero_Vesper,4
Se_Star_Vesper_L_ArmorOnLowHealth,I Shall Not Waver!,,"When Health is below 35%, gain 10<sprite=5> <color=yellow>Armor</color>.",,"When Health is below {0}, gain {1} <color=yellow>Armor</color>.",,,,Life,Hero_Vesper,3
Se_Star_Vesper_L_EmpowerDodgeShield,Heavy Armor Mastery,,Increases the Barrier amount of <color=yellow>Heavy Strike</color> by 45%<sprite=5> and extends its duration by 75%<sprite=5>.,,Increases the Barrier amount of <color=yellow>Heavy Strike</color> by {0} and extends its duration by {1}.,,,,Life,Hero_Vesper,4
Se_Star_Vesper_L_FireResistance,Heart of the Sun,,Reduces <color=yellow>Fire damage</color> taken by 30%<sprite=5> and <color=yellow>Burn damage over time</color> taken by 50%<sprite=5>.,,Reduces <color=yellow>Fire damage</color> taken by {0} and <color=yellow>Burn damage over time</color> taken by {1}.,,,,Life,Hero_Vesper,3
Se_Star_Vesper_L_Health,Tough Skin,,Increases <color=yellow>Maximum Health</color> by 80<sprite=5>.,,Increases <color=yellow>Maximum Health</color> by {0}.,,,,Life,Hero_Vesper,4
Se_Star_Vesper_L_ScalingArmor,Rising Faith,,"Gain 2<sprite=5> <color=yellow>Armor</color> each time you reach level 5, 10, 15, and 20.",,"Gain {0} <color=yellow>Armor</color> each time you reach level 5, 10, 15, and 20.",,,,Life,Hero_Vesper,3
Se_Star_Vesper_L_ScalingHealth,Marvelous Muscles,,Increases <color=yellow>Maximum Health</color> by 15<sprite=5> each time you level up.,,Increases <color=yellow>Maximum Health</color> by {0} each time you level up.,,,,Life,Hero_Vesper,3
Se_Star_Vesper_L_SlowSpeedMoreHealth,No Armor Is Too Thick,,"Reduces Movement Speed by 20%, but increases <color=yellow>Maximum Health</color> by 14%<sprite=5>.",,"Reduces Movement Speed by {0}, but increases <color=yellow>Maximum Health</color> by {1}.",,,,Life,Hero_Vesper,3
Se_Star_Yubar_D_APOnDodge,Singularity Reversal,,Casting <color=yellow>Dodge</color> grants 12%<sprite=5> <color=yellow>Ability Power</color> for 2 seconds.,,Casting <color=yellow>Dodge</color> grants {0} <color=yellow>Ability Power</color> for {1} seconds.,,,,Destruction,Hero_Yubar,3
Se_Star_Yubar_D_AbilityPower,Starry Sky Tapestry,,Increases <color=yellow>Ability Power</color> by 5<sprite=5>.,,Increases <color=yellow>Ability Power</color> by {0}.,,,,Destruction,Hero_Yubar,4
Se_Star_Yubar_D_ADAPWithPenalty,Glass Cannon,,"Gain 5<sprite=5> <color=yellow>Attack Damage</color> and 7<sprite=5> <color=yellow>Ability Power</color>, but your <color=yellow>Maximum Health</color> is reduced by 15%.",,"Gain {0} <color=yellow>Attack Damage</color> and {1} <color=yellow>Ability Power</color>, but your <color=yellow>Maximum Health</color> is reduced by {2}.",,"His body is now nothing more than a fragile vessel. Of course, everyone who thought so has been reduced to a handful of dust.",,Destruction,Hero_Yubar,3
Se_Star_Yubar_D_APPerLightSkill,Starlit Gaze,,Gain 2<sprite=5> <color=yellow>Ability Power</color> for each <color=yellow>Light damage Memory</color> you possess.,,Gain {0} <color=yellow>Ability Power</color> for each <color=yellow>Light damage Memory</color> you possess.,,,,Destruction,Hero_Yubar,4
Se_Star_Yubar_D_BonusDamageToLight,Starlit Eyes,,Increases all damage dealt to enemies with 5 or more stacks of <color=yellow>Light</color> by 10%<sprite=5>.,,Increases all damage dealt to enemies with 5 or more stacks of <color=yellow>Light</color> by {0}.,,,,Destruction,Hero_Yubar,3
Se_Star_Yubar_D_ConvertADToAP,Eclipse,,Gain <color=yellow>Ability Power</color> equal to 25%<sprite=5> of your <color=yellow>Attack Damage</color>.,,Gain <color=yellow>Ability Power</color> equal to {0} of your <color=yellow>Attack Damage</color>.,,,,Destruction,Hero_Yubar,3
Se_Star_Yubar_D_ScalingAP,Dazzling Meteor,,"Gain 3<sprite=5> <color=yellow>Ability Power</color> each time you reach levels 5, 10, 15, and 20.",,"Gain {0} <color=yellow>Ability Power</color> each time you reach levels 5, 10, 15, and 20.",,,,Destruction,Hero_Yubar,4
Se_Star_Yubar_D_SkillHaste,Stellar Flow,,Increases <color=yellow>Memory Haste</color> by 5<sprite=5>.,,Increases <color=yellow>Memory Haste</color> by {0}.,,,,Destruction,Hero_Yubar,4
Se_Star_Yubar_F_CC_DamageOverTime,Burning Meteor,,"The impact site of <color=yellow>Cataclysm</color>'s meteor burns, dealing 100% of the meteor's damage to enemies over 2 seconds.",,"The impact site of <color=yellow>Cataclysm</color>'s meteor burns, dealing 100% of the meteor's damage to enemies over 2 seconds.",,,,Flexible,Hero_Yubar,1
Se_Star_Yubar_F_CC_IncreaseAD,Choosing Violence,,<color=yellow>Cataclysm</color> increases Yubar's Attack Damage and Attack Speed instead of Ability Power.,,<color=yellow>Cataclysm</color> increases Yubar's Attack Damage and Attack Speed instead of Ability Power.,,He seems slightly irritated by mortals who keep confusing his gender.,,Flexible,Hero_Yubar,1
Se_Star_Yubar_F_CC_LongerDuration,Power Focus,,<color=yellow>Cataclysm</color>'s duration is increased by 50%.,,<color=yellow>Cataclysm</color>'s duration is increased by {0}.,,,,Flexible,Hero_Yubar,1
Se_Star_Yubar_F_EI_AutoExplosion,Unstable Ether,,"<color=yellow>Ether's Influence</color>'s explosion damage is reduced by 60% and can no longer be detonated manually, but it now explodes automatically on hit.",,"<color=yellow>Ether's Influence</color>'s explosion damage is reduced by {0} and can no longer be detonated manually, but it now explodes automatically on hit.",,,,Flexible,Hero_Yubar,1
Se_Star_Yubar_F_EI_BiggerExplosion,Explosive Confidence,,<color=yellow>Ether's Influence</color>'s explosion radius is increased by 25%.,,<color=yellow>Ether's Influence</color>'s explosion radius is increased by {0}.,,,,Flexible,Hero_Yubar,1
Se_Star_Yubar_F_EI_NoRootMoreDamage,Flow Reversal,,<color=yellow>Ether's Influence</color> no longer roots enemies but its explosion damage is increased by 50%.,,<color=yellow>Ether's Influence</color> no longer roots enemies but its explosion damage is increased by {0}.,,,,Flexible,Hero_Yubar,1
Se_Star_Yubar_F_SN_Artillery,Mortar,,Increases <color=yellow>Supernova</color>'s cast range by 40% and explosion radius by 30%.,,Increases <color=yellow>Supernova</color>'s cast range by {0} and explosion radius by {1}.,,,,Flexible,Hero_Yubar,1
Se_Star_Yubar_F_SN_AutoExplosion,Star Herding,,<color=yellow>Supernova</color> can no longer be manually detonated. Channeling is removed and it now automatically explodes when fully charged.,,<color=yellow>Supernova</color> can no longer be manually detonated. Channeling is removed and it now automatically explodes when fully charged.,,"Even without his attention, the stars grow fat on cosmic dust.",,Flexible,Hero_Yubar,1
Se_Star_Yubar_F_SN_DodgeReset,Swift Casting,,Casting <color=yellow>Supernova</color> resets the cooldown of Dodge.,,Casting <color=yellow>Supernova</color> resets the cooldown of Dodge.,,,,Flexible,Hero_Yubar,1
Se_Star_Yubar_F_TQ_EssenceCooldown,Song of Stars,,"<color=yellow>Tranquility</color>'s cooldown is increased by 2 seconds, but it also reduces the cooldowns of all essences.",,"<color=yellow>Tranquility</color>'s cooldown is increased by {0} seconds, but it also reduces the cooldowns of all essences.",,,,Flexible,Hero_Yubar,1
Se_Star_Yubar_F_TQ_LowerCooldownNoInvul,Flexible Thinking,,"<color=yellow>Tranquility</color>'s cooldown is reduced by 2 seconds, but instead of becoming Invulnerable, you gain a Barrier equal to 100% of your Maximum Health that lasts for the duration of the Invulnerability.",,"<color=yellow>Tranquility</color>'s cooldown is reduced by {0} seconds, but instead of becoming Invulnerable, you gain a Barrier equal to {1} of your Maximum Health that lasts for the duration of the Invulnerability.",,,,Flexible,Hero_Yubar,1
Se_Star_Yubar_F_TQ_ReducedCooldownAndDuration,Light Heart,,"<color=yellow>Tranquility</color>'s cooldown is reduced by 4 seconds, but its Invulnerability duration is also reduced by 40%.",,"<color=yellow>Tranquility</color>'s cooldown is reduced by {0} seconds, but its Invulnerability duration is also reduced by {1}.",,,,Flexible,Hero_Yubar,1
Se_Star_Yubar_I_DisintegrateDreamDust,Dream-born,,"When using the <color=yellow>Shrine of Dismantling</color>, gain additional <color=yellow>Dream Dust</color> equal to 50%<sprite=5> of the Gold received as a reward.",,"When using the <color=yellow>Shrine of Dismantling</color>, gain additional <color=yellow>Dream Dust</color> equal to {0} of the Gold received as a reward.",,Knowing the truth and facing it are different matters. How would it feel to see a fairy tale with your own story written in it?,,Imagination,Hero_Yubar,3
Se_Star_Yubar_I_MoreDreamDustWithPenalty,God in a Fairy Tale,,"Your <color=yellow>Maximum Health</color> is reduced by 10%, but you gain 10%<sprite=5> increased <color=yellow>Dream Dust</color> from all sources.",,"Your <color=yellow>Maximum Health</color> is reduced by {0}, but you gain {1} increased <color=yellow>Dream Dust</color> from all sources.",,,,Imagination,Hero_Yubar,3
Se_Star_Yubar_I_StarCookie,Cookie Baker,,Defeating enemies has a 0.5%<sprite=5> chance to create a <color=yellow>Star Cookie</color>. <color=yellow>Star Cookies</color> restore a small amount of Yubar's Health and grant a small amount of Gold and Dream Dust.,,Defeating enemies has a {0} chance to create a <color=yellow>Star Cookie</color>. <color=yellow>Star Cookies</color> restore a small amount of Yubar's Health and grant a small amount of Gold and Dream Dust.,,He burned through an astronomical number of stars in pursuit of the perfect star cookie.,,Imagination,Hero_Yubar,3
Se_Star_Yubar_L_DodgeChargeWithLongerCooldown,Stellar Trace,,"Gain 1 additional charge for <color=yellow>Dodge</color>, but its cooldown is increased by 2<sprite=5> seconds.",,"Gain 1 additional charge for <color=yellow>Dodge</color>, but its cooldown is increased by {0} seconds.",,,,Life,Hero_Yubar,3
Se_Star_Yubar_L_DodgeCooldownWithShorterRange,Peek-a-boo!,,"<color=yellow>Dodge</color>'s cooldown is reduced by 0.8 seconds, but its travel distance is reduced by 40%<sprite=5>.",,"<color=yellow>Dodge</color>'s cooldown is reduced by {0} seconds, but its travel distance is reduced by {1}.",,,,Life,Hero_Yubar,3
Se_Star_Yubar_L_DodgeRange,Now You See Me,,The travel distance of <color=yellow>Dodge</color> is increased by 33%.,,The travel distance of <color=yellow>Dodge</color> is increased by {0}.,,,,Life,Hero_Yubar,1
